client,table,file,sha256,rows,metadataRows,validJson,invalid,fields,firstError
"jp-1.4.0","config_access","config_access.db","D89EAEA239C0A5185FAF46BE00218BFA413EAC6C2A4C12E18139B434F629C75D",216,1,215,0,"activatetime;drop_path;id;name;period_id",""
"jp-1.4.0","config_accurate_behavior","config_accurate_behavior.db","2253C055032BC5DBE61A5F8BAE89CEF661D671F3B070ECA69927B7749B3F5884",54,1,53,0,"behavior_call;behavior_time;behaviour_info_group;camera_info_group;caption_access;countenance_resource;diff_name;voice_access",""
"jp-1.4.0","config_achievement","config_achievement.db","DA394B118F96315D6D022D2B1BBC692139AD30674DD4827A31334EF2BC152C55",746,1,745,0,"abandoned;count_type;desc;go_up_to;goal;id;if_invisible;last_achievement;medal_id;open_day;point;progress;refresh_id;reward;rewards;show_reward_num;title;type;type_id;visible_parm",""
"jp-1.4.0","config_achievement_type_id","config_achievement_type_id.db","BCCDA50A9AC0C299A424D249350A28E49E3058FCE1E5637D1E78B65958344341",50,1,49,0,"id;type_id",""
"jp-1.4.0","config_action_audio_bind","config_action_audio_bind.db","6933F89C6BDABF4FC1D2CB66E382672378558B50F0E8D938AF48D1C3C3619478",51,1,50,0,"action_name;audio_id;delay_time;diff_name;id;role_id",""
"jp-1.4.0","config_activity","config_activity.db","4DF510C3635FC9019012DB8BEFC237A94DA79EA6A3CD3B418CCF2EE61E8E5216",483,1,482,0,"activity_top;audobattle_chapter;banner_goto;banner_gotopage;banner_gotopage_activity;banner_order;banner_pic;bg;bg_pic;close_groupbase;extra_ship_id;id;is_open;item_recycling_id;mail_id;name;order;p1;p10;p11;p12;p13;p14;p2;p3;p4;p5;p6;p7;p8;p9;padding_image;period;period_area;period_list;period_list_area;plot_type;rank_id;red_dot;seacopy_type;send_reward;shop_id;show_function;show_type;test_buff_show;test_image;test_ship;test_show;type",""
"jp-1.4.0","config_activity_bgm_period","config_activity_bgm_period.db","D05B60EF5824F52C59831EA7903B63FFEF6A4257B553F7CA357854D69146B4C8",9,1,8,0,"envir_bgm;id;period;weights",""
"jp-1.4.0","config_activity_extract","config_activity_extract.db","A3154AD387F4B05C3443A54EC606A8A85E58AB0AB8D3E31F9614298509A37C41",6,1,5,0,"drop_reward_id;id;item_cost;name;reward_key",""
"jp-1.4.0","config_activity_extract_ur","config_activity_extract_ur.db","06563F1548EBDD0272959177FF6E9B7554ABFB3BB642F2E8252A01B5B873F2B0",2,1,1,0,"chapter_id;copy_display_id;desc;drop_reward_id;fragment_id;id;item_cost;name;next_card_id;reward_key;special_drop;special_drop_times;surprise_drop",""
"jp-1.4.0","config_activity_type","config_activity_type.db","5C3B62E88309FF4EEBD8FA1408486AD4F4F79A13667C742766A85A09E8288892",11,1,10,0,"banner_goto;banner_order;id;is_open;order;red_dot",""
"jp-1.4.0","config_adventure_role","config_adventure_role.db","50B0D2124FD04B8779CDB02D51B3661F4D766C7E558C0301892B70315A5BF30C",31,1,30,0,"attack_max;enemy_life;hero_life;hero_name;hero_profession;id;image;image_attack;image_death;level_max;levelup_item;levelup_item_num;levelup_life;task_id",""
"jp-1.4.0","config_affection_change","config_affection_change.db","D42146A9EB55BBB3067D66E50989ED222488BE6AF86CEFE8C1F8995919A76197",15,1,14,0,"affection_add;affection_change_sort;affection_flagship_add;affection_mvp_add;affection_reduce;mood_reduce;mood_shipwrecks_reduce;not_effect_curriculum_vitae",""
"jp-1.4.0","config_affection_favor","config_affection_favor.db","7070C45A1919E93A556CCE312B6B1D0DDD0AE517C42FBA40C4790030ED56B142",8,1,7,0,"affection_adddescribe;affection_cost;affection_describe;affection_icon;affection_id;affection_marry;affection_max;affection_min;affection_value_effect;value_effect_power",""
"jp-1.4.0","config_affection_item","config_affection_item.db","1AA67FA421E9B8F4DB5918833D6F0C7700720F0CCF3C2BB49EB746355C03D837",9,1,8,0,"affection_exp;description;drop_path;icon;icon_small;id;name;quality",""
"jp-1.4.0","config_affection_mood","config_affection_mood.db","4DBDC0C57D8883A53E58A1AC51EEBE2AF88A19C2A5C96D45B552CEFD21E82214",5,1,4,0,"mood_affection_add;mood_describe;mood_exp_up;mood_icon;mood_icon_xiao;mood_id;mood_max;mood_min",""
"jp-1.4.0","config_air_attack_spe","config_air_attack_spe.db","604C870E3640ABFA9DFDA5030675C1FB060768DBEE96B4EB47A9628490A077E1",76,1,75,0,"id;radius;speed;speed_time",""
"jp-1.4.0","config_air_control_state","config_air_control_state.db","5A0BCD1857AF216A72E342E24AE7BBA509039AB5938D694D83EA25C8D29AA363",6,1,5,0,"desc;enum_name;id",""
"jp-1.4.0","config_air_search_spe","config_air_search_spe.db","FBBFF2BB0C0F3FD375E1EA47F5FD15D162CF2A2B7352FD4FA8C97B7CBFEA2D5C",148,1,147,0,"birth_pos;id;patrol_pos_array;radius;speed",""
"jp-1.4.0","config_air_spe_link_fleet","config_air_spe_link_fleet.db","9DC7327C87310871624B589D8CA765D050F7C7EFF809D3D02A0BE6E91747243D",116,1,115,0,"air_attack_spe_data;air_search_spe_array;fleet_id;id",""
"jp-1.4.0","config_anniversary_video","config_anniversary_video.db","AD069A324CD44FE48B25C67641C503F0D520B91A82CA571537B581F787907675",5,1,4,0,"id;image;link;period;period_area;reward",""
"jp-1.4.0","config_ar_battle_config","config_ar_battle_config.db","CFAF2FACD5A5F8B88C48B9ACCFFCB4BBD71A70B1C227B359787C90575723F897",11,1,10,0,"data;diff_name;enum_name;id",""
"jp-1.4.0","config_ar_battle_range","config_ar_battle_range.db","1BD3C482FD96E22FC3768C900FBE3A7EB2E6FA915A26A3C44C02E9A71783E820",6,1,5,0,"desc;dis_max;dis_min;enum_name;id",""
"jp-1.4.0","config_ar_config","config_ar_config.db","A0014BFE623429998B52C856E25E8E8191F2D6BBE713B2CA7FC0E6C0D267DB8C",28,1,27,0,"data;diff_name;enum_name;id",""
"jp-1.4.0","config_askill_dict_create_item","config_askill_dict_create_item.db","C65E1D645C2104CF2575F77A6A78DD08ABCC3E4AEE6C71C343DFBF852EFB1160",3303,1,3302,0,"distance;euler;id",""
"jp-1.4.0","config_askill_dict_create_range","config_askill_dict_create_range.db","F9DCF1BCED3E95B6E0595AE7ACBC5D46CBE1882AEB49FB2DADF6FB3533276B8B",895,1,894,0,"create_range_item;id;weight",""
"jp-1.4.0","config_askill_dict_create_range_item","config_askill_dict_create_range_item.db","736B39C9DD636A31D8147519419F35BE837BA252DC18D238F996C447A1F6AC96",871,1,870,0,"distance;euler;id",""
"jp-1.4.0","config_askill_dict_prj_ctrl_logic","config_askill_dict_prj_ctrl_logic.db","A7056E5AAC9D03F70A46F2405A118BF6B737638A130C9796E4A62DBD5ECB3D1E",1020,1,1019,0,"behaviour_params;behaviour_target;exe_delay;exe_loading_time;exe_time;exe_type;id;logic_behaviour",""
"jp-1.4.0","config_askill_dict_prj_ctrl_move","config_askill_dict_prj_ctrl_move.db","D6CD8F22498B8585C67F28C6E54F86707E9CC6732E6855CBC3A0EF6CB05CD049",2379,1,2378,0,"face_dir_rotate_speed;face_dir_rotate_type;id;move_dir_rotate_speed;move_params;move_type;speed;speed_type",""
"jp-1.4.0","config_askill_dict_projectile","config_askill_dict_projectile.db","FB360EAB4CFA695D3C7F78E9C051F82EA9B29F2B96C10101D29957FA7E8AFEB8",962,1,961,0,"act_after_target_death;could_silence;create_delta_euler;create_pos_range;create_pos_type;id;life_circle;mix;order;prj_class;projectile_ctrl;projectile_type;random_weight;select_mode;skill_type;special",""
"jp-1.4.0","config_askill_dict_projectile_ctrl","config_askill_dict_projectile_ctrl.db","22C6ACB256ABDD314978779A64065B0682560B5A33B07149D863648FBFFB24FB",3705,1,3704,0,"create_dir_type;id;independent;independent_duration;logic_array;logic_delay;move_step;order;projectCtrlDelayOption;projectile_item;trigger_time_type",""
"jp-1.4.0","config_askill_dict_projectile_item","config_askill_dict_projectile_item.db","1B909ADEF465FD8037B61423EB216E1BEDD5485BB1F80978F80C5AA746C2CB1A",3060,1,3059,0,"delay_time;delta_euler;delta_pos_x;delta_pos_y;id;shape_param;shape_type;ship_trigger_ebid;ship_trigger_order;size_begin;size_change_duration;ste_id;svte_id;vice_gun_scale_shift",""
"jp-1.4.0","config_assess","config_assess.db","33C9AF32A756DE5B242C89BD80B5F7762AFF3C95FF7A164016347B7D4C248130",17,1,16,0,"A_para;A_tips;B_para;B_tips;C_para;C_tips;D_para;D_tips;E_para;E_tips;F_para;F_tips;SSS_para;SSS_tips;SS_para;SS_tips;S_para;S_tips;id;order",""
"jp-1.4.0","config_assess_condition","config_assess_condition.db","57C481DB34C3C085EE3052C2F6E6543333EC5FDDB06C7BA0E819126A9A4A052E",10,1,9,0,"condition_func;id;param_type",""
"jp-1.4.0","config_assist_fleet","config_assist_fleet.db","DDB6DAA6D9085C3D862E2BBD6F738BE1E05F905738A6CD13FE71174349E3A033",27,1,26,0,"assist_ship_info_id;default_threat;formation;id;name;strategy;threat_id;view_mode",""
"jp-1.4.0","config_assist_ship_info","config_assist_ship_info.db","72F520E4E5A55151EB0CDDBFF0BB06EF3A9F4DC89D5AD564BE423C0A7020C53C",804,1,803,0,"angle_speed;anti_crit;attack;battle_angle_speed;crit;defense;dodge;equip;equip_level;fate;hit;hp;main_gun_cd;main_gun_range;ship_affection_ratio;ship_air_control;ship_bomb_attack;ship_fashion_id;ship_fight_grade;ship_id;ship_level;ship_main_id;ship_maxbreak_id;ship_name;ship_skill_level;ship_strengthen_ratio;ship_supply_cost;ship_torpedo_attack;skill_anim_order;speed;to_air_attack;to_torpedo_attack;torpedo_attack;torpedo_defense;torpedo_num;view_range",""
"jp-1.4.0","config_attribute","config_attribute.db","082A5BA352625425149B3005B7C5A75210183EED950ABDD211A4D3763DB6D7B8",108,1,107,0,"attr_direction;attr_display;attr_icon;attr_name;attr_type;attr_unit;beizhu;direction_if_show;direction_show_sort;equip_if_show;equip_show_sort;girl_if_show;girl_show_sort;id;params;remould_if_show;remould_prop_formula",""
"jp-1.4.0","config_audio","config_audio.db","AC70AF7E2FBF75B12460A2F65021E1A2AE4946DADB40190B377C42311A0AB8D6",146,1,145,0,"a_id;can_repeat;diff_name;repeat_time;res_path",""
"jp-1.4.0","config_awaken_task_common","config_awaken_task_common.db","676644BCEA9561402138565C39463D8E0F63E1B6C626F3B91FC54F11155BB399",15,1,14,0,"count_type;desc;go_up_to;go_up_to_parm;goal;id;refresh_id;rewards",""
"jp-1.4.0","config_awaken_task_milestone","config_awaken_task_milestone.db","13F579838C52E8DBCF5EDFD0FBC80113719474AA9F16253CE710EB93E90EBA70",21,1,20,0,"count_type;desc;go_up_to;go_up_to_parm;goal;id;pt",""
"jp-1.4.0","config_barrage_library","config_barrage_library.db","0B50F5C6F8EE9D0D2A6BDB81953C17E280253009F5EB6AE0016CC16C39F6C424",32190,1,32189,0,"barrage_library_id;is_orbital_colse;scene_id;scene_id_type",""
"jp-1.4.0","config_bathroom_item","config_bathroom_item.db","03C146BCB9EA93EB84E87CEC833B935C3F9BA539A09C3218E9D903D49DF29495",2,1,1,0,"description;frequency;icon;id;name;once_exp;price;quality;time",""
"jp-1.4.0","config_battlefield_info","config_battlefield_info.db","4A3C7265D712E4F6FDC186A81E8CB1CF84C1CAC1EE0A8219228E5D2ADAA3488A",215,1,214,0,"assist_fleet_position;battlefield_shape;enemy_position;id;player_fleet_position;player_position;shape_param",""
"jp-1.4.0","config_battlefield_resource","config_battlefield_resource.db","CFE97D1E6895886503292B83F242ABDADD82E1BD0DE98DCE34E1A728C9C51E77",2723,1,2722,0,"buffid;copy_id;flag;id;odds;pos_id;res_collide_effect_id;res_collide_msg_effect_id;res_find_effect_id;res_image_effect_id;resourc_num;resource_items;resource_type;search3d_item_id;server;settlement_type;show_num;show_type",""
"jp-1.4.0","config_battlefield_resource_blood","config_battlefield_resource_blood.db","41FBBACE71074D9F776EEB34FF62CEE65012447AED1ADE2C7DBE8BEDEEFAC42A",19,1,18,0,"brFilterType;id;numberRule;vals;value_or_percentage",""
"jp-1.4.0","config_battlepass_level","config_battlepass_level.db","33D9065D74FD5519842ED142AFF793DE2F3D0DA207D104916DFE1EBAA5FA9906",51,1,50,0,"free_level_reward;level;level_exp;pay_level_reward;target_reward",""
"jp-1.4.0","config_battlepass_level_activity","config_battlepass_level_activity.db","850F51D57AE326988E808984C994E9E1441019006125F7BCF34C4C96FBCEB675",101,1,100,0,"free_level_reward;level;level_exp;pay_level_reward;target_reward",""
"jp-1.4.0","config_battlepass_param","config_battlepass_param.db","D12A8CB1DE1EDD7568858DB40302EC92E21AF1663D4DEB72306B566BBDF4D46F",2,1,1,0,"advance_price_1;advance_price_2;advance_reward_1;advance_reward_2;advance_reward_desc_1;advance_reward_desc_2;advance_reward_level_2;buy_level_price;free_icon;free_refresh_count;id;item_recycling_id;pay_icon;pay_refresh_count;pay_refresh_price;recycle_mail_id;reward_mail_id;shop_id;weekly_task_num",""
"jp-1.4.0","config_battlepass_param_activity","config_battlepass_param_activity.db","0F8A776478F2E2EB141A53DC36A69B3F7D401D5D7E94A21FE29E7DB0BB2E1033",2,1,1,0,"advance_price_1;advance_price_2;advance_reward_1;advance_reward_2;advance_reward_desc_1;advance_reward_desc_2;advance_reward_level_2;buy_level_price;free_icon;free_refresh_count;id;item_recycling_id;pay_icon;pay_refresh_count;pay_refresh_price;recycle_mail_id;reward_mail_id;shop_id;weekly_task_num",""
"jp-1.4.0","config_battlepass_task","config_battlepass_task.db","E3DB0D8F25EFF27BDC231F71615E9FC0BA40734ABE195F4E0404CB46657F03C1",18,1,17,0,"battlepass_exp;go_up_to;go_up_to_parm;id;task_goal;task_name;task_type;task_type_name",""
"jp-1.4.0","config_battlepass_task_activity","config_battlepass_task_activity.db","050DE264F426736D92A432B05F49AD29F639E59FB2EBFFABE0C71AA1CF0B850C",18,1,17,0,"battlepass_exp;go_up_to;go_up_to_parm;id;task_goal;task_name;task_type;task_type_name",""
"jp-1.4.0","config_battle_ai","config_battle_ai.db","F10403A997A4A74B2E319FFC999D1EF36BD516E8C90B44C40A84DF2793689DB0",6,1,5,0,"aerial_search_duration;ba_id;diff_name;escape_odds;f_id;skill_cd;speed_ratio;t_odds;track_dis;track_range;view_euler;view_range",""
"jp-1.4.0","config_battle_air_control_coefficient","config_battle_air_control_coefficient.db","60409796EAAF82782F1325E7CB3362461899FEFBB4E2DE0F3BE3B2B0C1E74491",20,1,19,0,"air_control_state;bacc_id;damage_rate;diff_name;injured_rate;max_range;min_range",""
"jp-1.4.0","config_battle_ai_escape","config_battle_ai_escape.db","A49E8BB5A309C344F62D901DA6F790F2DC38473804489B6C668D41130C92E41E",3,1,2,0,"ba_id;diff_name;escape_target;escape_type;escape_weight;fleet_id",""
"jp-1.4.0","config_battle_ai_fleet","config_battle_ai_fleet.db","2F76BA034426A942F8784DD2C28ADE6FC5A5F01F18DE8944A9681A206CDFF1AF",856,1,855,0,"aerial_search_duration;airattack_call;baf_id;best_dis_odds;call_view_circle_range;call_view_euler;call_view_range;escape_odds;skill_cd;speed_ratio;t_odds;track_dis;track_range;view_circle_range;view_euler;view_range",""
"jp-1.4.0","config_battle_ai_fleet_escape","config_battle_ai_fleet_escape.db","2AE5020414002589E80BBFC5867399F2E36B81A3BEB9BD7637BBEE590836E79F",4,1,3,0,"baf_id;bafe_id;diff_name;escape_target;escape_type;escape_weight",""
"jp-1.4.0","config_battle_ai_fleet_support","config_battle_ai_fleet_support.db","1AECC1BE20FF7C3F988B1386686AC81ADE5D7CA5328A0D1B33CE08147CBD6C34",246,1,245,0,"baf_id;bafs_id;call_for_support_time;support_arg;support_type",""
"jp-1.4.0","config_battle_ai_ship_info","config_battle_ai_ship_info.db","6C3AA4245C0B1F0383187B6BDCC51ADD9DDA6FFC6D9F45B69BE21EBCBDB80103",96,1,95,0,"aerial_attack_weight;basi_id;best_distance;best_distance_weight;main_gun_weight;second_gun_weight;torpedo_weight",""
"jp-1.4.0","config_battle_ai_ship_skill_ratio","config_battle_ai_ship_skill_ratio.db","2919F52D7312DC666E7DFD8A24ED06262579F38F72B53C40820CBF7CDC0C1AD7",58,1,57,0,"attack_range;basi_id;bassr_id;skill_base_ratio;skill_type",""
"jp-1.4.0","config_battle_ai_support","config_battle_ai_support.db","676F5D3CB63D7FD9DCB23FB621D826CA056F9FB683A0C777B835207E96D512A1",2,1,1,0,"ba_id;call_for_support_time;diff_name;fleet_id;support_arg;support_type",""
"jp-1.4.0","config_battle_ammounition_effect","config_battle_ammounition_effect.db","6A91E42DD8B69DA949FA51A71B3F3C5281E8FA4C79ED62670968DDDC4E9AF671",4,1,3,0,"ammounition_max;ammounition_min;bae_id;prop_id;value",""
"jp-1.4.0","config_battle_auto_chat","config_battle_auto_chat.db","F7529927F354B48FCD87BAC3B828C328E5B93D57CAD9FD2A1EBB3C4BBB22BB1F",10,1,9,0,"id;text",""
"jp-1.4.0","config_battle_config","config_battle_config.db","1CF5E006C7F7D7D701A4910FA64FCDBD84CBE6873F0750DE10B58FB83FEA5A4C",327,1,326,0,"data;data_double;data_int;diff_name;enum_name;id",""
"jp-1.4.0","config_battle_fleet_show","config_battle_fleet_show.db","4ED1356A19F5853419FBC6CCFED3284D26AA8327B655DC0B1B8F48B2CC67EEC4",64,1,63,0,"head;head_in_field;head_in_field_sel;head_sel;id;name",""
"jp-1.4.0","config_battle_logic_trigger","config_battle_logic_trigger.db","882BDF29491C12587C8033A718A6BCA7A9DA875FB10490983999A81F20F96709",64,1,63,0,"id;trigger_condition;trigger_condition_param;trigger_limit_num;trigger_result;trigger_time;trigger_tip",""
"jp-1.4.0","config_battle_logic_trigger_result","config_battle_logic_trigger_result.db","E09444E58D2A304613A93104106EA65C24F192608EC1528880200B21B5E1D3B2",143,1,142,0,"id;result_type;target_dictid;target_type",""
"jp-1.4.0","config_battle_maingun_clip","config_battle_maingun_clip.db","20DCDB2D3D62F059F09979DC61DE56777EF62C3B8554717D89E1D848F2A2545E",7,1,6,0,"damage_factors;id;max_num;select_mode",""
"jp-1.4.0","config_battle_qte_effect","config_battle_qte_effect.db","A146E99CD76E0E4F300C0FA076ADE9CE94A47E45055AFAABED292B3BCAA45D57",5,1,4,0,"bqe_id;damage_effect;qte_step",""
"jp-1.4.0","config_battle_qte_pro","config_battle_qte_pro.db","1E5A56BE17153AFBB9AEC7EA231C8D83817081D270167C58BE8164C1C75B053A",2,1,1,0,"bqp_id;duration_12;duration_23;duration_34;last_suration;name;size_percent_1;size_percent_2;size_percent_3;size_percent_4",""
"jp-1.4.0","config_battle_range","config_battle_range.db","654F4B9204BE8142A258DFB6E9DCF6A604F9FAE3FE14628D82F51CD2075B55C5",6,1,5,0,"desc;dis_max;dis_min;enum_name;id",""
"jp-1.4.0","config_battle_threat","config_battle_threat.db","46BFA230881F35E4E6883D6295FB83F12C3D189121A34A130CC316F23B421E29",13,1,12,0,"event_param;event_type;id;threat_time;threat_type;threat_value",""
"jp-1.4.0","config_battle_torpedogun_combo","config_battle_torpedogun_combo.db","2C127E92AF14DBBF73E8E1A78C13D0736A4070E805AA7ED3B1098C24B9AE8C00",7,1,6,0,"damage_factors;id;max_times",""
"jp-1.4.0","config_battle_weather","config_battle_weather.db","304FE8925CC4A8C46759928CA789DB15A2025D68A30707ED6D918516BB0069CC",4,1,3,0,"ammounition_cost;desc;enum_name;id",""
"jp-1.4.0","config_bd_class","config_bd_class.db","30D77786F9820AE5A10EDC8261F4CA5587ADCDEFFB08F8CF8286EF20C2EA4E7A",4,1,3,0,"desc;enum_name;id",""
"jp-1.4.0","config_bd_limited","config_bd_limited.db","8490103840174FED9897A109DEBAC290B2CD42F49B8472AD340742F85E21F10D",25,1,24,0,"bd_class;bd_number;bd_obj;bd_obj1;bd_prop;bd_prop1;desc;id;limit_type;operation",""
"jp-1.4.0","config_bd_obj1","config_bd_obj1.db","2E3057BE9BB7D56FC424EDF7038DCF07FB002EC6BA2329BD73969AC108AAC191",6,1,5,0,"desc;enum_name;id",""
"jp-1.4.0","config_bd_prop","config_bd_prop.db","D8D6244AFE31D212251BD12E5D263FD7704E9CF679FC450EE8882D5280A586A3",8,1,7,0,"desc;enum_name;id",""
"jp-1.4.0","config_bd_prop1","config_bd_prop1.db","E8DB04EB97A078264752DB66C096A99AD3E23E126283DBE4ABCF6C7F06DCCAD9",4,1,3,0,"desc;enum_name;id",""
"jp-1.4.0","config_behavior_info","config_behavior_info.db","952BC1AE6C913405B5F8CAED0206476AEA5EFCBD254EAECB69BD0B50B7832481",1147,1,1146,0,"behavior_type;cn_text;diff_name;effect_bind_id;id;modle_name;ship_name",""
"jp-1.4.0","config_behaviour_info_queue","config_behaviour_info_queue.db","9FCA838E48CF939EAB2DE704D576D4FD8E2C4F7C51EA3750F6AF8ECD051BE8E1",1811,1,1810,0,"anim_name;bind_effect;duration;effect_closure;effect_opentime;group;head_control_param;head_control_type;id;is_loop;queue;repeat_play;speed",""
"jp-1.4.0","config_bestrong","config_bestrong.db","0C76E34BCC573056BDC8CDF70580411F2804A69D2B797FFFB6B49BCCE1E6FB49",7,1,6,0,"gotomotoid;icon;id;openlevel;title",""
"jp-1.4.0","config_big_activity_chapter","config_big_activity_chapter.db","0BB262B419326DB06DC697E2010AC57F7D754D75D70203296421BD22980C96E7",4,1,3,0,"copy_thumbnail_list;id;level_list;name_list",""
"jp-1.4.0","config_big_activity_copy_display","config_big_activity_copy_display.db","9A5CA7CA43F27828FDA3D944E21618DDC59EFA6E6FDBC5D550422EAA8EC355EB",56,1,55,0,"copy_button_deviation;diff_choosing_bg;extra_drop_info;extra_drop_item;id;params;recommend_power;reward_coin;reward_gongxun;script_function_name",""
"jp-1.4.0","config_big_activity_reward","config_big_activity_reward.db","45A7DBA1EE7B2366B04F5587DCBDDAEF7CE87ABB0559CAADBD12DA4AFE2CF63A",11,1,10,0,"id;p1;p2;reward",""
"jp-1.4.0","config_boss_copy_activity","config_boss_copy_activity.db","1835D964A213C08870FA7FB419B7486BDEEA5510B0A334ACA3DC7ADA072A58CF",6,1,5,0,"boss_life;cheat_line;copy_display_id;eff_boss;id;image_boss;image_boss_2;image_boss_clear;image_position;image_scale;leveldetails_id;mail_id;name;rewards",""
"jp-1.4.0","config_boss_copy_life","config_boss_copy_life.db","7B2B66D33F1ACC384CCE9B34B62B831BFC5F351B01AF612EFFEEF5D010826587",51,1,50,0,"id;life_reduce;time",""
"jp-1.4.0","config_boss_copy_main","config_boss_copy_main.db","1736E7D734F17F2A0D3A225962875C0DF0498E47C561E0FAAE540A0922111F15",5,1,4,0,"boss_life;copy_display_id;eff_boss;id;image_boss;image_boss_2;image_boss_clear;image_position;image_scale;mail_id;name;rewards",""
"jp-1.4.0","config_boss_life_control","config_boss_life_control.db","E411229DC3F5D62765281C4AFEBA303CBA6034B305AC0110B76252A8E4188A16",241,1,240,0,"copy_id;id;life;time",""
"jp-1.4.0","config_buff_show","config_buff_show.db","DE3D05EBA726563ECC8B029E0BA7938E03F705D4F3208304D09001156EE94D66",670,1,669,0,"buff_display_ebs;buff_display_ebs_belong;buff_display_show_state;buff_display_ui_eb_id;buff_display_ui_effect_root;buff_display_ui_effect_roots;buff_display_ui_effect_uri;buff_display_ui_path;buff_display_work_effect_uri;buff_resttime_text;buff_shield;buff_show_delay_type;buff_show_rule;buff_show_type_id;buff_stack;buff_statistics_text_page_path;buff_statistics_ui_effect_text;buff_statistics_ui_effect_uri;buff_tips;id;team_buff_desc;team_buff_icon;team_buff_name",""
"jp-1.4.0","config_building","config_building.db","D0578F60CDE1B956CE20E1C7AB6E97CBB5EB273099C46C6FD09E863CD04FF384",11,1,10,0,"buildinggroup_id;defaultopening;id;officelevel",""
"jp-1.4.0","config_buildinginfo","config_buildinginfo.db","F05413A1FB94F7C77A5B1C7FF766A762E258D0B29B5F958737736319479DDF61",36,1,35,0,"addmood;addworkerhp;building_scene_bgm;building_scene_res;buildquantity;characters;desc;englishname;foodcost;goldaddition;group_id;heroaddition;heronumber;id;level;moodcost;name;oiladdition;order;powercost;productid;productiontimeless;productivity;productmax;recipe_compose;recipeid;reducecost;showcharacters;type;typeicon;unlockbuilding",""
"jp-1.4.0","config_buildinglevelup","config_buildinglevelup.db","BC3A5D69D6DA39A2F9409BBBC7DC2DD9D9DDB73C5767130CD77B8C1EE92AA511",36,1,35,0,"cleartime;costmoney;costwork;id;level;leveluptime;officelevel;rawmaterial1;rawmaterial2;rawmaterial3;type",""
"jp-1.4.0","config_buildingtype","config_buildingtype.db","3BEEC0D018D03A2B2292EB47A297EEB66A07BC398803DFDBE9EC94D9542EC196",9,1,8,0,"buildnumber;id",""
"jp-1.4.0","config_building_camera_parameters","config_building_camera_parameters.db","4BEE1A040A8C876EF2D0D4EFF7056C3C8A64A66D04E7E3F021C271EF4A85D186",10,1,9,0,"angle_speed;angle_x_max;angle_x_min;angle_y_max;angle_y_min;diff_name;lerp_accel;max_distance;min_distance;move_speed;pos_x_max;pos_x_min;pos_z_max;pos_z_min;rotation_mode;scene_resources;scroll_speed",""
"jp-1.4.0","config_building_character_story","config_building_character_story.db","D225082B4F7568E215A670B4E2740BA3FA13575B1D4C657DDC9C4BB0C852262B",217,1,216,0,"affection_value;id;open_time;plot_cover;plot_title;plot_trigger_building;plot_trigger_id;plot_trigger_type;ship_fleet_id",""
"jp-1.4.0","config_building_config","config_building_config.db","2B73D45A1D3B737847E8A7F5070C8C88E468ABAECDA4F8B811516A773A916B06",17,1,16,0,"data;diff_name;enum_name;id",""
"jp-1.4.0","config_building_furniture_res","config_building_furniture_res.db","1F651E59541A5EA2B3D779E6AFBC078F41CCD808086070E4AED01CC8E352B9F2",2,1,1,0,"furniture_id;furniture_long;furniture_res;furniture_type;furniture_wide;subsidiary_layer;subsidiary_type",""
"jp-1.4.0","config_building_tv_res","config_building_tv_res.db","19922F5CC4CC298B05A2F65140EF4FB1887A7B14459A28E5B8C2E736265EAA6C",2,1,1,0,"id;play_weight;tv_key;tv_res",""
"jp-1.4.0","config_building_wall_res","config_building_wall_res.db","CA785D1F11708B382EF30540AB9B718E838CEFB72AD7D6DAEB3A41B87405CADA",2,1,1,0,"total_layer;wall_id;wall_res;wall_type",""
"jp-1.4.0","config_build_formula","config_build_formula.db","FE0AB3CB8FA8E01C7CD993E4A3F53F260AC0DFA8981F81DED975AA0491DFD9B1",5,1,4,0,"custom_tag_revise;id;res1;res2;res3;tag_weight",""
"jp-1.4.0","config_build_quality","config_build_quality.db","EE96A86DD037414177E8D8FE0EE79C0B0E2FFC74C7CC981F14529DE1C686489E",2021,1,2020,0,"fail_build_ship_id;id;tag_weight",""
"jp-1.4.0","config_build_ship","config_build_ship.db","10EC105F5B414D6EFDD2296E5E077A921119952D19DE96448BF0A1976873D8A7",31,1,30,0,"build_quality_id;custom_tag;id;package_weight;res1;res2;res2_package_weight_arg;res3;res3_package_weight_arg;ship_list;ship_ratio",""
"jp-1.4.0","config_camera_info_queue","config_camera_info_queue.db","3C7D38810985197A374E36509E8F30E967252BE3F036622021F96A2C62DAEF4F",3737,1,3736,0,"camera_path;camera_path_index;camera_target;diff_name;duration;focus_path_index;group;id;queue",""
"jp-1.4.0","config_caption_access_list","config_caption_access_list.db","D80067A3EE7DFFC1267426F9251B566C42FC9F342CB6F130F7B5EE1BD44A8134",8150,1,8149,0,"behavior_type;caption_access;caption_end;caption_open;cn_text;diff_name;jp_text;modle_name;ship_name",""
"jp-1.4.0","config_cg_resources","config_cg_resources.db","E307B9D680A14CFF82877A5477AE2DC03A669B4B2A38FA6D6C8FAAF4F10D5C3C",4,1,3,0,"android_volume_coefficient;cg_id;cg_res_path;diff_name;ios_volume_coefficient;mac_volume_coefficient;win_volume_coefficient",""
"jp-1.4.0","config_challenge","config_challenge.db","3F1ED33AAEC21A046B4F56B332751C49E683254405ABECE9AF0B3C3FCE74BA87",9,1,8,0,"function_id;function_param;icon;id;is_open;message1;message2;name;order;red_dot;red_dot_param",""
"jp-1.4.0","config_challenge_reward","config_challenge_reward.db","109DCB5C67898DC0C222919E47C7D9B8D51752D98153632A36E8E309C406FD6E",11,1,10,0,"id;p1;p2;reward",""
"jp-1.4.0","config_chapter","config_chapter.db","98018B0D5F57978181DB39611AD0699C71719E830E9027E2B75906E71C4666B2",238,1,237,0,"activate_by_default;belong_chapter_list;big_activity_chapter_id;changechapterbtnhide;chapter_details;chapter_open;chapter_openname;chapter_period;chapter_periodarea;chapter_plot_type;chapter_type;class_name;class_type;coordinate;copy_background;copy_background_2;copy_pos_x;copy_pos_y;dailygroup_id;day_chapter;ex_id;help_info;id;is_available;is_show;level_list;leveldetailsbgm;memory_id;memory_start;mubarcopy_chapter_image01;mubarcopy_chapter_image02;mubarcopy_data;name;name2;new_ocean_tag;next_chapter;night_chapter;open_chapter;outpost_id;plot_copy_cover;plot_locked;prev_chapter;pve_copy;relation_chapter_id;reward_times;running_level_list;show_name;star_box;star_cond;star_reward;starbox_cosy;starimage;starpositionx;tactic_type;title;training_chapter_id;treaty_copy;treaty_open_copy",""
"jp-1.4.0","config_chapter_plot_type","config_chapter_plot_type.db","4217641844BBD807EC880AD768C7BA66F3C7AC896A53840758B8D888872E6209",4,1,3,0,"chapter_list;chapter_list2;id;image;image_bg;image_btn;image_btn_push;image_mask;name;p1;p2;p3;p4;p5;p6;plot_enter_name;show_id",""
"jp-1.4.0","config_chapter_tower","config_chapter_tower.db","B647A8AFEADE42820D0179C912F7B58B6570DEC0827F690FCC14BA44ECE58A18",19,1,18,0,"area_pass_reward;basic_reward;battle_point_cost;battle_point_default;battle_point_min;daily_battle_time;desc_simplify;id;level;reset_chapter;reset_period;ship_battle_time;topic_visible;tower_topic",""
"jp-1.4.0","config_chapter_training","config_chapter_training.db","6015E0899BEF16E3B1C8894692703272433DA9AF19EB38E4E9E33C1B45E5AA11",8,1,7,0,"id;open_level;star_need;star_reward;training_level_list;training_level_name_list;training_reward_show",""
"jp-1.4.0","config_chapter_type","config_chapter_type.db","4A5C0C6BB32E09D3E5F0C567978369FBED1D106D53E4C51F85B9BEC977BB2AA7",76,1,75,0,"affection_add;affection_change_sort;affection_flagship_add;affection_mvp_add;affection_reduce;check_strategy;dot_key;ex_ids;function_id;mood_reduce;mood_shipwrecks_reduce;not_effect_curriculum_vitae;not_effect_task;open_copydisplay;period_area;period_id;start_chapter;top_text",""
"jp-1.4.0","config_chapter_type_info","config_chapter_type_info.db","C6D00AD50D6BDB6C1D55706602D51771DB4731158EA49901A5A7AF2551BBA2DE",6,1,5,0,"check_image;desc;id;locked_image;title;unchecked_image",""
"jp-1.4.0","config_character","config_character.db","CC2654B58EF521E70C23539DB8F8001CA9A92645284C85DFAD04278B5386B20D",133,1,132,0,"characteraddition;charactersicon;desc;id;levelupaddition;leveluprecipeaddition;name;recipeadd;recipeaddition",""
"jp-1.4.0","config_chat_emoji","config_chat_emoji.db","305E727157861098BF514A6FB534720036B52632CE889BB017203DFF5EAC35EA",18,1,17,0,"icon;id",""
"jp-1.4.0","config_chat_send_interval","config_chat_send_interval.db","BB058745B7756BFA6AEAB3BACF17E08D0DEB8C1C901935AFFD07EAFAFDF83CAD",7,1,6,0,"channel_id;time",""
"jp-1.4.0","config_chat_set","config_chat_set.db","9E6294D99D2BF297336C2115582C5F9368B6683A4904CCD5DF463DC2686077EB",13,1,12,0,"belong;channel;count;id;key;name;value",""
"jp-1.4.0","config_cheat_app","config_cheat_app.db","3480E2AFA48181DE35D23D5ADF7465DFFD2F67690F48F761A161FF7D70128C05",13,1,12,0,"cheat_id;package",""
"jp-1.4.0","config_color","config_color.db","0B327D020E4314DCFE0E100CCF546C96C5E476838A1EC36949B22FB13CA157FD",14,1,13,0,"id;rgba",""
"jp-1.4.0","config_combination_ship","config_combination_ship.db","7C4DBB429C1B5802AD5F52EC250C5E5F9E3D9730EAFF8A718B4A585912599216",581,1,580,0,"before_id;break_item;break_prop_up;break_prop_up_percent;break_star;id;level;levelup_item;next_id;prop_up;prop_up_percent;sf_id;skill_id;star",""
"jp-1.4.0","config_condition","config_condition.db","7219468B255C63B3FC12888585883ADD67A6D3F4FA242C0FC760D80B83B9DA92",3,1,2,0,"description;id",""
"jp-1.4.0","config_copy","config_copy.db","C368F1F7073CBFDEF023D3F5FC437CD1E1A8A9A5EEB86813BDC860E1595B09A0",1483,1,1482,0,"aerialaeconnaissance_cd;airattack_cd;angleView;battle_airattack_cd;battle_anim;battle_time;blood_range_lower;blood_range_upper;born_sp_id;close_nigh_battle;copy_finish_type;copy_id;copy_scene_length;copy_scene_width;copy_type;cycle_day;cycle_night;dayNight_switch;fleet_id;fleet_supple;initially_dayNight;logic_trigger_array;map_fog_hide;match_player_num;match_type;mission_id;r_id;random_weight;recommend;report_type;resource_id;running_fight_evaluation;running_fight_level_id;running_fight_rate;scene_id;sea_area_name;search_airattack_cd;search_bgm;series_fleet;team_attack_num;type_parameter;weather_group",""
"jp-1.4.0","config_copytypemap","config_copytypemap.db","E93A9CFBEFBC0F39E484C9F8FF5551F09289AC8665154137102B9B7F7327902C",2,1,1,0,"id",""
"jp-1.4.0","config_copy_demo","config_copy_demo.db","87E2FC9E5C88B5C16FF73E1AAE1FA4EA5186201683D8BC0E2CD99D7D2B861534",87,1,86,0,"battlefield_id;copy_center;id;palyer_birth;player_path;scale_value;ship_enemy_birth;ship_enemy_path",""
"jp-1.4.0","config_copy_display","config_copy_display.db","55D859E644345B8436CD558ABACBFB047E4BC5E47203557C1E85CF6E35616294",2195,1,2194,0,"activity_item;activity_period;activity_period_area;activity_plot_bg;activity_point_get;after_clear_supple_num;assist_fleet;assist_fleet_lock;assist_fleet_num;attached_fleet;auto_continuation;autobattle_gamelimit;autobattle_isshow;autobattle_open;autobattle_opendesc;autobattle_time;ban_autobattle;battle_boss_hp_uri;battle_time;before_copy_id_list;big_activity_copy_display_id;boss_net_image;branch_copy;branch_id;buff_max_times;checkpoint_instructions;choice_boss;clear_forbbiden_id;condition;coordinate;copy_activity_value;copy_demo_id;copy_display_type;copy_guarantee;copy_index;copy_must_drop_num;copy_must_drop_reward;copy_progress;copy_thumbnail_after;copy_thumbnail_before;description;details_boss;download_ids;drop_info_id;drop_period;drop_sr_copydisplayid;drop_sr_shipid;drop_ssr_copydisplayid;drop_ssr_shipid;evaluation_instructions;exercises_point;fail_cost;finishmission_reward;first_reward;full_name;gotowar_num_mub;id;is_boss_copy;is_influence_by_evaluate;is_match;is_open_modecheck;level_limit;link_display;max_fleet;minigame_id;mission_display;name;next_copy_id_list;norecord_power;nvn_ship_exp_up;once_seasafe;period_drop;plot_bg_lock;pskill_id;pvept_cost;random_factor_sets;rank_drop;recommend;recommend_info;recommend_tactics;recommended_attack;recommended_battle_power;recommended_speed;revive_icon_after;revive_icon_before;safe_area_hidden;save_mode;script_function_name;script_params;sea_area_unlock;search_3d;search_boss_hp_uri;ship_limit;shiplimit_desc;special_buff;special_type;split_team;sport_type;stageid;star_require;star_require_unlock;str_index;supple_cost_argu;supply_basic_cost;support_fleet_average_level_min;support_fleet_battle_ratio;support_fleet_count_max;support_fleet_target_and_effect;support_fleet_unlock_id;three_star_reward;thumbnail;title;total_supple_num;tower_prop_id_num;training_open_limit;training_strategy;training_teacher_modle;training_tips;true_assist_fleet;unlock_clear_request;unlock_next_chapter;upload_ids;use_assist_mode;warning_power",""
"jp-1.4.0","config_copy_enemy","config_copy_enemy.db","231563EA403E3729AED50C4A2DFEFA88095E823086CA2547F47FB0E5D23A6B2A",13,1,12,0,"aircraft;angle_spped;attack;battle_angle_speed;defence;diff_name;enmey_type;hero_id;hp;id;speed;view_range",""
"jp-1.4.0","config_copy_grade_type","config_copy_grade_type.db","81B9DB96336407C474D45797BBCD6C7E0E26E4EB0C47F0CD5C05A3ED5EE91EB1",10,1,9,0,"desc;enum_name;id;name",""
"jp-1.4.0","config_copy_rank_drop","config_copy_rank_drop.db","11170C61C66315A750624D5DE5D5F932D38FB52639FEFEBE968E0815597A02C7",2,1,1,0,"drop_group;id",""
"jp-1.4.0","config_copy_type_map","config_copy_type_map.db","573B6C6DEEC3152EBE94F9F92CF4948E5B4C3F9CAD22552E64113EE005721DAE",2,1,1,0,"id;value",""
"jp-1.4.0","config_countenance_info_queue","config_countenance_info_queue.db","D4319A09C5E33298D5EE2AA49596253AEA63C67BA96EDDFA424ABCF14119009B",135,1,134,0,"countenance_name;diff_name;duration;group;id;is_loop;queue",""
"jp-1.4.0","config_counting","config_counting.db","C6E0AB2937557513F4BD48C13EAB3996D88251FB0742E83BA44FD3C806878CF4",88,1,87,0,"id;max;refreshid",""
"jp-1.4.0","config_country_info","config_country_info.db","D742A8CD64B02692527CB2FDBDAE46650416A681C273B8AECEABC629E60FC657",13,1,12,0,"country_name;id",""
"jp-1.4.0","config_currency","config_currency.db","C14BBE32574E07A4338620056E6BEE8B8485BEB4EFC79CB5A051665AEFB0D77D",34,1,33,0,"description;drop_id;drop_path;icon;icon_multilevel_small;icon_small;id;name;quality",""
"jp-1.4.0","config_cutin_blacklist","config_cutin_blacklist.db","F01BF36A2243410462237CEF11214BD6BE933967548CCB61419DBFDFF677C7D5",4,1,3,0,"ID;ship_info_ID",""
"jp-1.4.0","config_cutin_ship_type_factor","config_cutin_ship_type_factor.db","C41B99E850CB8C7EED63A96FE5CC777649D1F00E7116642CA6E6C3C67353B689",23,1,22,0,"damage_factor;id;ship_type_id",""
"jp-1.4.0","config_daily_chapter","config_daily_chapter.db","42BCDE4F9212679B98621845095D6544C0F4E425A78454135C001246E179A1C6",9,1,8,0,"advice;challenge_time;copy_background;copy_button_deviation;copy_dropinfo;copy_image;desc;icon;id;is_available;month_extra_time;name;ship_level;ship_level_type;title;train_array_indexid;train_chapter",""
"jp-1.4.0","config_daily_finish","config_daily_finish.db","BB310927D888ABE83AB5FE69C1D0BCC6C5A26396130448B6A3C2EEE51055C2CE",11,1,10,0,"fetch_icon;fetched_icon;id;login_achievements;login_type;name",""
"jp-1.4.0","config_daily_group","config_daily_group.db","B01D7316E7AE4547BAAFC55D90AFFAD5326E427E6AD0D8DFE35FE67CEF9B8C32",5,1,4,0,"basic_drop;chapterid;copy_background;copy_button_deviation;copy_dropinfo;drop_icon;drop_info_id;extra_drop;extra_drop_info_id;first_drop;go_shopid;icon;id;is_available;is_available_show;lock_bg;period;shop_id;shop_name;shopgoods_list;show_draw_button;title_icon;treaty_basic_drop_base;treaty_basic_drop_star;treaty_dropinfo_basic;treaty_dropinfo_extra;treaty_dropinfo_pass;treaty_extra_drop;treaty_extra_drop_base;treaty_icon;treaty_id;treaty_item;treaty_pass_drop;treaty_show_buff;unlock_extract_ship_id;unlock_ship_reward",""
"jp-1.4.0","config_daily_login","config_daily_login.db","01448824D5F3198C0F70A52C8D9FC7AAC03BB228A8A9574FF3251A5CAC9C3BEA",406,1,405,0,"activity_id;fetch_icon;fetched_icon;id;login_achievements;login_type;name",""
"jp-1.4.0","config_daily_register","config_daily_register.db","419A7CAB56A5CF48F871FE44D516D0039B21B7EE0EADC1FCCA9B1B8DB0A758C1",13,1,12,0,"id;rewards",""
"jp-1.4.0","config_data_version","config_data_version.db","49B615ED24C3B4DE408104BB5A0682192EFFA0F8E7B35391C8ED49FB06731B33",48,1,47,0,"id",""
"jp-1.4.0","config_days_activity","config_days_activity.db","5B7C14C3CD57FAC4DCC5C41DDCA3F263BC666C034C03085BAC17731382F3468A",8,1,7,0,"achievements;bg;count;description;icon;id;login_achievements;name;outlinecolor;picture;selected;shop_goods;shop_id;textcolor;type",""
"jp-1.4.0","config_days_activity_limited","config_days_activity_limited.db","41A8D0CE89212502926F93C1DA77B8ACA2C30DE21BEE6FF0AF74556B84037F88",7,1,6,0,"bg;count;description;icon;id;name;outlinecolor;picture;selected;shop_goods;shop_id;task_activity;task_stage;textcolor;type",""
"jp-1.4.0","config_draw","config_draw.db","DEC10A24BCB575C166348235EBE930BB7500E2A649313BE2C6A7A453255C97CC",11,1,10,0,"denominator;draw_time;drop_id;type;weight",""
"jp-1.4.0","config_drop_info","config_drop_info.db","58AB0877F03CFF2952A6DB351C38A0602C67A4749BCBD7B6AF4C9EF045C78855",2047,1,2046,0,"description;drop_rate;icon;id;item_info;name;out_show_num;period;quality_bg;show_counts;show_num;treaty_item;type",""
"jp-1.4.0","config_drop_item","config_drop_item.db","DA73CFF0F68D52E563B58749507D213A458C2249DC20A4531253A68F5BEB449E",2693,1,2692,0,"drop;drop_alone;drop_alone_count;drop_count;drop_rate;id;is_put_back;name;no_gain_first;used_count",""
"jp-1.4.0","config_eca_action","config_eca_action.db","A06DF2869EC23CEDC2C475A3D5D694D2D7E667FC70CF0C35E93AA188E3D9251F",22,1,21,0,"action_type;id;param",""
"jp-1.4.0","config_eca_condition","config_eca_condition.db","A07FBDBFBE55CB4EFEEB37CA54981556706F68ABE972D58B26545A6182B382B8",13,1,12,0,"condition;condition_type;eca_condition_body_type;eca_condition_display_type;id",""
"jp-1.4.0","config_eca_cvalue","config_eca_cvalue.db","B3D9867881722767F1A6E0DD2CE4476FA91A2C823B2D833BC7EAB8CAB0309759",2,1,1,0,"condition_func;id;param_type",""
"jp-1.4.0","config_eca_index","config_eca_index.db","B88E99A6AE34868A5244F420599FA9CE8AF9E75EFD08BA517DD524556873E4AD",13,1,12,0,"action_id;conditon_id;event_params;event_type;id",""
"jp-1.4.0","config_effect","config_effect.db","E9BB1C21DA69E9CBCF279618611CC4335FD957E651BC9BA7A5B6F65FB2761A4B",518,1,517,0,"audio_switch;duration;e_id;effect_model;max_num",""
"jp-1.4.0","config_effect_bind","config_effect_bind.db","4898569872B355D8053F6457F6EB3F7343C84B31DC857521026094CEEB69B14D",1188,1,1187,0,"audio_id;bind_type;delay_show_time;delay_time;eb_id;ebp_id;effect_id;euler_delta_x;euler_delta_y;euler_delta_z;move_ebp_id;pos_delta_x;pos_delta_y;pos_delta_z;shield_axis",""
"jp-1.4.0","config_effect_bind_path","config_effect_bind_path.db","E7F1A01D2AA8863A5B9F8186695D0139F45B3655DE3C23E7DA2A70F369B4E2F7",397,1,396,0,"ebp_id;model_path",""
"jp-1.4.0","config_emoji","config_emoji.db","CFC265B9725E1EE54D734AF66764AAEBD192D5BD658BC211E29654B19B14F724",123,1,122,0,"id;item_id;item_unlock;name;picture;plot_id;unlock_tip",""
"jp-1.4.0","config_emoji_pack","config_emoji_pack.db","EA49E2F16DD2AE694E9204896046F27E73DFEF03A80F61212F3A71F2A393FBBD",3,1,2,0,"id;picture;type_name",""
"jp-1.4.0","config_equip","config_equip.db","1F688F0DE212306CF8D2C462ABB40FF7E4DB3DFAAFA891F7BB1560BB4F7C8F5A",1004,1,1003,0,"activity_equip;activity_id;copy_display_id;dismantling_get;drop_path;e_id;energy_name;enhance_level_max;enhance_prop;equip_prop;equip_ship;equip_skill_anim_eb_id;equip_srp_id;equip_trap_ste_id;equip_type_id;equip_type_id2;ewt_id;existence;icon;icon_small;max_energy;max_number;name;no_pack;no_resolve;period;picture_show;quality;renovate_skill;reward;rules;ryza_formula_id;ryza_type;ryza_type_num;skill_array;skill_fashion_id;star_max",""
"jp-1.4.0","config_equip_activity_extrapoint","config_equip_activity_extrapoint.db","165A811FFE09C2EE83C756C8C2320DBEFD6633FFC9B654A92DC2654E5D3335A6",11,1,10,0,"desc;extra_point_rate;id;parameter;type",""
"jp-1.4.0","config_equip_ehhance_item","config_equip_ehhance_item.db","4160DDC5AAB708C239A825ED0ED033EE650003C52EBF86DBA922333D454E0E86",4,1,3,0,"description;exp;icon;id;name",""
"jp-1.4.0","config_equip_enhance_item","config_equip_enhance_item.db","7BF34C61EB69C5FC165D82BE0044A621184C7F8AA818CF425EB11E73D0000522",5,1,4,0,"description;drop_path;enhance_level_limit;exp;icon;id;name;quality",""
"jp-1.4.0","config_equip_enhance_level","config_equip_enhance_level.db","120841EEFF5D1372880BAF2CB0308D090CF909696EABE083ECC3C95BEA546DDE",31,1,30,0,"enchance_level;exp",""
"jp-1.4.0","config_equip_enhance_level_exp","config_equip_enhance_level_exp.db","BB30549BBED06B291696A36F0523A5E5BDBCC53AD2C83110E1A7C313007FFA34",31,1,30,0,"enchance_level;exp",""
"jp-1.4.0","config_equip_enhance_level_ur","config_equip_enhance_level_ur.db","568A86D8112E9B1C344BB66D6879215965475F84D8CB42827492D479CCD460C6",36,1,35,0,"enchance_level;item_cost",""
"jp-1.4.0","config_equip_enhance_renovate","config_equip_enhance_renovate.db","3F6F1E91E97541537B1863E7F1A529572EB2A21247D0481FC3BBFC8FBE42A59D",7,1,6,0,"equip_self_count;item_array;need_enhance_level;renovate_level",""
"jp-1.4.0","config_equip_fashion_showtype","config_equip_fashion_showtype.db","A32CCB14EF75E77FD4EADB2A9E4642BBB65E100581C613A79CEC7B5CFB0037A2",6,1,5,0,"fashion_id;name;type_id",""
"jp-1.4.0","config_equip_fashion_type","config_equip_fashion_type.db","E755F2DC8904900B98697450340A85AC9388AED46A2395A31772059A1A29849F",40,1,39,0,"equip_type;equippicture_type;type_id;type_name",""
"jp-1.4.0","config_equip_levelbreak_item","config_equip_levelbreak_item.db","DC04841E97D0CF03DD172998B5772798A2BE98A4CE5AB8694A526F4AB351F4DB",3,1,2,0,"item_cost;level_id;level_rank;unlock_item",""
"jp-1.4.0","config_equip_skill_type","config_equip_skill_type.db","2331BFC1E208EBA065E3B1C54CFF146036AD4CB3C02F2E131E1DFA1A7B7F3BB4",23,1,22,0,"aerial_attack;aerial_bomb;aerial_search;aerial_torpedo;bomb;desc;enum_name;equip_type_id;id;main_gun;second_gun;show_name;to_air;torpedo",""
"jp-1.4.0","config_equip_type","config_equip_type.db","9AD837E8E9F6BC827254CF3108D49D9B16E7FBE1CD79503DB0C3C9572B829D78",70,1,69,0,"aerial_attack;aerial_bomb;aerial_search;aerial_torpedo;bomb;calculate_type;default_equip_id;equip_supply_type;gunbattle_hit_skill_anim_detail_id;gunbattle_start_skill_anim_detail_id;id;main_gun;search_hit_skill_anim_detail_id;search_start_skill_anim_detail_id;second_gun;show_name;to_air;torpedo",""
"jp-1.4.0","config_equip_wear_type","config_equip_wear_type.db","187D17E5B2CAC13943C0C64C546CFD5C06E307A080CFCE94E21029C132F53AD3",32,1,31,0,"equip_show_name;ewt_desc;ewt_id;order",""
"jp-1.4.0","config_escape_type","config_escape_type.db","1909E4AC550B8A9186EC29F4478893FA881A5B4F285CFD70482ACA136E0B5DF9",4,1,3,0,"desc;enum_name;id",""
"jp-1.4.0","config_evaluate","config_evaluate.db","06600839215D1AFFFE36FAD109D6DAF5D042201ABBE8FBD4F8A3713C183F4D87",235,1,234,0,"description;id;require_condition;require_condition_argument1;require_condition_argument2",""
"jp-1.4.0","config_example","config_example.db","453E688D8BE6F8B9849D4F8E3AC922BBCDF4BF647527CAC653D19E4D77BBEFBD",4,1,3,0,"description;id;require_condition_list",""
"jp-1.4.0","config_expand_item","config_expand_item.db","6A727D8568B484491D2AFC6B12F575AAC0AFD56F8FD122DD38EF6E0D8C461DA8",3,1,2,0,"description;expand_num;icon;id;name;quality;reward;type",""
"jp-1.4.0","config_expedition_set","config_expedition_set.db","AC742D9D08B0CE7DEC81B6BB451E6A6540E6CF51521FBA0B7CA3A086F3C8BFC8",6,1,5,0,"count;front_id;id;max_number_sametime;name;refresh_time;tasks;type",""
"jp-1.4.0","config_expedition_task","config_expedition_task.db","68D63604F33BB96083FE26CE6E9F02DA7570EF640AAE5E5D4331CF378BE9E10E",412,1,411,0,"desc;extra_require;extra_require_desc;fast_finish_item;fixed_reward_number;icon;id;level_max;level_min;name;need_one_ship_level;random_reward;random_reward_probability;random_reward_rewise;regular_reward1;regular_reward1_revise;regular_reward2;regular_reward2_revise;regular_reward3;regular_reward3_revise;regular_reward4;regular_reward4_revise;resources;show_level;team_ship_count;time;time_limit;weight",""
"jp-1.4.0","config_export_damage_type","config_export_damage_type.db","6C14E37F50B0B1B117BDC6F031D4E7AA244D3ABC5FBC649E0E0AF06159549C30",6,1,5,0,"desc;enum_name;id",""
"jp-1.4.0","config_export_func","config_export_func.db","07256BDCCFD069D6B97CD57BA922A866B69B06803BA9C3415340489D8E036C1E",19,1,18,0,"damage_formula;damage_type;id",""
"jp-1.4.0","config_extract_mail","config_extract_mail.db","A66E08C40E0FD90BF3246206D526DD41EF97CCA90C53705E7E6505913A074AFC",20,1,19,0,"extract_id;id;name",""
"jp-1.4.0","config_extract_ship","config_extract_ship.db","EE48A303E03B1D31B4951B3737B27E6C91DAA55E915C7E427F8BBB964D2A1697",207,1,206,0,"activity_id;btn_num;btn_one_text;btn_ten_text;button_effect;button_image;change_desc;change_show_pic;change_type;change_up_name;changetime;close_draw_id;close_draw_num;close_ship_id;close_time;desc;drop_item_id;expend;explore_image;extract_reset_type;extract_type;force_open_time;free_explore_period;free_explore_refresh;free_explore_type;free_ten_explore_refresh;helpinfo_title;hundred_reward;hundred_tips_image;hundredleasttentimedesc;hundredrewarddesc;hundredtenrewarddesc;hundredtimedesc;id;is_preview;is_show_time;isshow_special_desc;name;name_pic;new_period;new_period_area;new_ten_expend;newtwentyleasttentimedesc;newtwentyrewarddesc;newtwentytenrewarddesc;newtwentytimedesc;onetimedesc;open_by_boss;open_daily_condition;open_limit;reset_type;reward_name;reward_tips_image;reward_type;ship_image;show_appear_num;show_draw_id;show_order;show_pic;show_ship;special_change_reward;special_draw_id;special_info;special_reward;speical_ship_id;sr_up_ship_info;ssr_up_ship_info;statue;tag_duration;tag_group;tag_name;tentimedesc;time_desc;toggle_bg;toggle_check;twenty_drop;twenty_drop_name;twentyleasttentimedesc;twentyrewarddesc;twentytenrewarddesc;twentytimedesc;type;up;up_list;up_name;up_type",""
"jp-1.4.0","config_extra_skill","config_extra_skill.db","E031BF2E5B6EF267C0E37628E059ED29E42F8B203EC48C636BEDF8915AC2B20A",21,1,20,0,"cd;delete_time;icon_disable;icon_normal;icon_select;limit_count;name;pskil_group_array;ship_copy;skill_id",""
"jp-1.4.0","config_fashion","config_fashion.db","67A3AFB5568F0D0908B285F818664A54A9FA973A2E5E319A461B429081DA8BB5",1393,1,1392,0,"belong_to_ship;belong_to_ship_group;cv_show;description;fashion_showicon;get_id;get_language_id;get_p1;get_type;icon;icon_ka;icon_small;id;is_appear;is_default;limit_p1;limit_tip;limit_type;name;order;quality;quality_show;repeat_rewards;ship_show_id;shop_id;skill_fashion_id;type;unlock_action",""
"jp-1.4.0","config_flagsystem","config_flagsystem.db","E7FB7C480B19DBB259967405CE4881AA4E23A1C8070A357EDD0ADCEA2A993151",166,1,165,0,"function_open;id;param",""
"jp-1.4.0","config_flag_res","config_flag_res.db","4F90329FC5BEE592EC9B54572372D47F092F1726E445E90B77EDA86057B67704",8,1,7,0,"number;res_path;type",""
"jp-1.4.0","config_fleep_speed","config_fleep_speed.db","0D12CD12366BBEF9B982BB9C5EBC1160AB5CE9E1D01EEA4167FD3EAB36475F49",5,1,4,0,"desc;enum_name;id",""
"jp-1.4.0","config_fleet","config_fleet.db","59BA00640C2667F2864AB1A40778C82C97D6DBD23C4E6F7BB07557E7BFB92060",3670,1,3669,0,"ai_battle_limit_length;air_attack_plane_speed;air_search_plane_speed;baf_id;battle_assess;battle_center_pos;battle_radiu;battle_time;battlefield_info;birth_sp_id;chase_speed;copy_attacheds;copy_attacheds_formation;copy_enemys;copy_enemys_formation;copy_type;daily_extra_drop;day_battle_anim;day_bgm;default_threat;detect_air_cd;detect_air_range;detect_air_view_radius;display_name;drop_id;f_id;fleet_icon;fleet_ui_eb_id;fleet_ui_effect_roots;is_influence_by_evaluate;is_last_fleet;is_plane_continental;lighting_shells_cd;longNight_battle_time;long_health_enemys;long_night_bgm;night_battle_anim;night_battle_time;night_bgm;other_drop_arg;other_drop_id;other_drop_ids;patrol_speed;plane_attack_cd;player_exp;random_factor;recommend_ce;search3d_item_id;settle_drop_arg;settle_drop_id;settle_drop_ids;settlement_assess;ship_exp;supple_consumption;support_speed;team_attack_switch;threat_id",""
"jp-1.4.0","config_fleet_auto","config_fleet_auto.db","048203B81963C267AADEEE33ECDE977CC049755BB8DA951DEB61D3229751FCFB",6,1,5,0,"avoid_torpedo_duration;battle_speed;cd_range_switch;cd_skill;cd_skill_begin;fa_id;search_auto_air_attack_a1;search_auto_air_attack_a2;search_auto_air_attack_a3;search_auto_air_attack_b1;search_auto_air_attack_b2;search_auto_air_attack_b3;search_auto_airattack_switch;search_auto_explore_switch;search_fatigue_threshold;search_speed;weight_additionalSkill;weight_air_attack;weight_dive;weight_main_gun;weight_range_far;weight_range_middle;weight_range_near;weight_torpedo;weight_vice_gun",""
"jp-1.4.0","config_fleet_copy_type","config_fleet_copy_type.db","1B501621B84BB0B83071C28051F9A57EBB725D000D004DCC929DF2EE4979F81B",4,1,3,0,"desc;enum_name;id",""
"jp-1.4.0","config_fleet_patrol_pos","config_fleet_patrol_pos.db","22F0BBEA728A762CC36CE1C84B9EE50E348411AF017D4BC853E42B228E37F23D",1312,1,1311,0,"f_id;fpr_id;sp_id",""
"jp-1.4.0","config_fleet_patrol_route","config_fleet_patrol_route.db","CDA4BDE069F5225141D692339A849B14944190E825318C75BB91CFD775DA6E15",3245,1,3244,0,"f_id;fpr_id;order;sp_id",""
"jp-1.4.0","config_fleet_relation","config_fleet_relation.db","E626006AE3B44061894DD61121652B699E6F5E7A3474E6917E8A2DEE908975FB",5,1,4,0,"desc;enum_name;id",""
"jp-1.4.0","config_fleet_speed","config_fleet_speed.db","0A8430EBC8A78D0CA96D3BB3F09D72F80B4ED03AD3CCD3FA1D43A07E4D765CFB",4,1,3,0,"desc;enum_name;fatigue_a_speed;fatigue_b_speed;id;rotate_speed_fac;speed_fac_pve;speed_fac_pvp_battle;speed_fac_pvp_search",""
"jp-1.4.0","config_food_compose","config_food_compose.db","14FB1D7C164043D0BB251BEBAEBC0BC6AAAE937CEC97DA45F7CB0C1A7B628918",61,1,60,0,"hide;id;item;material;reward;type",""
"jp-1.4.0","config_formation","config_formation.db","A6498DDA7DFF81EAA6E7BF6AE4CEBA341967F7458D853C7C6477BAE4367B09DF",9,1,8,0,"camera_path;desc;enum_name;id;img_resource;is_player_form;look_queue;look_ship_side_camera_id;look_ship_side_camera_path;look_ship_side_queue;min_num;qishe6_nomal_group_id",""
"jp-1.4.0","config_formation_pos","config_formation_pos.db","2445137F4220B490EEA4821D6BA50FDA4DE35A94068EF81C33B7C79B29BC38A6",13,1,12,0,"delta_x;delta_y;f_id;fp_id;p_id",""
"jp-1.4.0","config_formation_pos_ui","config_formation_pos_ui.db","4025C4475F00578C882F220EFCC1DE6F8912DCF4CACBFC9EE3B29DAD7D384BD5",99,1,98,0,"delta_x;delta_y;form_id;fpu_id;order_id;scale;ship_num",""
"jp-1.4.0","config_form_change","config_form_change.db","F772D74681E13ECACF0915F68D0A583E6A818EED04741F032470B293D519075A",21,1,20,0,"base_point;fc_id;form_from;form_target;play_duration",""
"jp-1.4.0","config_form_change_point","config_form_change_point.db","43981E01CF6245616C56BE4786985576EBCC081AD9BB6609CBFC345F6A1A806A",256,1,255,0,"base_point;delta_x_percent;delta_z_percent;fc_id;fcp_id;move_point;order;time_percent",""
"jp-1.4.0","config_fragment","config_fragment.db","08FF8A0E8686DD9FEC722A1B1B9AE0DC14D5B1095A7DC09FB8E0E73C0D3AAB1B",9,1,8,0,"amount;coin;description;icon;icon_small;id;item_id;name;quality",""
"jp-1.4.0","config_function_info","config_function_info.db","B946FE065C11D3CEDCE2BCDF7014B3A345FE2EDA5970AA469912848DBA58CA4D",107,1,106,0,"comment;copy_id;description;fi_id;focus;goto_parm;guideId;icon;icon_Lock;icon_effect;icon_push;is_open;is_open_page;is_tanchuang;level;lookLevel;name;open_show_name;orAnd;page_icon;page_name;page_name2;sum_function;task_id",""
"jp-1.4.0","config_game_limits","config_game_limits.db","FA01AB16BE005733D03182634EFF912571E190C684BB9508F7F0D167D5926EF7",571,1,570,0,"client_ignore;desc;id;limit_param;limit_type;next_level_id;operation;script_name",""
"jp-1.4.0","config_gift","config_gift.db","6E9F1F56EA5B778C9C91E9C7CA624BE94FF9AC89671348E27547A28F273199D5",6,1,5,0,"description;gift_type;icon;id;match_value_group;match_value_power;match_valueup_rate;name;not_match_value_group;not_match_value_power;notmatch_valueup_rate;price;quality;quility_background",""
"jp-1.4.0","config_goods_battle","config_goods_battle.db","E6F297725F9F08CD18D26F35B155ACB74AA45E1061B882F669A5E027663D64BF",7,1,6,0,"buff_id;buff_name;id;name;type_icon",""
"jp-1.4.0","config_guide_compensation","config_guide_compensation.db","D8C10799697E3549A3FF09BF0D979047CB34986CE200599A600452F57650A99C",7,1,6,0,"compensation_list;id;step_interval",""
"jp-1.4.0","config_guildactivityrankreward","config_guildactivityrankreward.db","DFAFA3D6ADF5FA0A6197F217D2F1D41356019D12C5A831917351E3BDA0EE9682",7,1,6,0,"id;ranklist;reward;score",""
"jp-1.4.0","config_guildactivityrate","config_guildactivityrate.db","3EB5CD37923F3B38B4D1533EFEDFFF29603C78969EF4CEEAEDBCFD18868B3052",16,1,15,0,"id;rate;requireitemnum",""
"jp-1.4.0","config_guildactivitytask","config_guildactivitytask.db","3B6C947CD4E560F2025AF380ACF68D5A725EEEEE22F5E7614E7164E677EF8C3C",72,1,71,0,"belong;count_type;desc;finishnum;go_up_to;goal;id;order;reward;score",""
"jp-1.4.0","config_guildboxparam","config_guildboxparam.db","0EE2F6948B2F911D3A3C4BC4B8EAD2856B11513522AFD19BCFDF8ECDA4753FB9",5,1,4,0,"id;image;num",""
"jp-1.4.0","config_guildboxscore","config_guildboxscore.db","F45115A59A23A67CA053F4156108FEDCDCF9842E8ADDCEF6E2C4D30C9F26C16B",2,1,1,0,"id;maxnum;reward;score",""
"jp-1.4.0","config_guildfunction","config_guildfunction.db","0BAB75E36680B2901B0CBECD12405E709B6B777EC6D4F419A26E83AE4D169D70",2,1,1,0,"id;name;openlevel",""
"jp-1.4.0","config_guildlevel","config_guildlevel.db","9C0C67B78B8D22749D4BFD2C1645007576F408D3E307D8D91827C71C7C88DFEF",11,1,10,0,"addition_reward_list;enter_num;guildlevelupexp;id;max_exp;playernum;reward_weight;tasknum",""
"jp-1.4.0","config_guildoffer_guildrankreward","config_guildoffer_guildrankreward.db","3A347BF2B369A69589FC77403B80C28B8CAA5976792F8BADB6AEE944FF9A1AEA",7,1,6,0,"id;limitscore;rankid;reward",""
"jp-1.4.0","config_guildoffer_info","config_guildoffer_info.db","3BC1E2F49889B755BD27939E0FBEE2B697DFAD6FE49F5F27A3E74D492A1BB436",2,1,1,0,"apply_max_num;guildrewardmail;id;maxbuytime;noguild_name;personrewardmail;priceincrease;quality_task_num;rank_minscore;task_bg;ticketprice",""
"jp-1.4.0","config_guildoffer_perscorereward","config_guildoffer_perscorereward.db","E9424779D88934E0368C6C779B6746208BBD37ABAEAB462262A72F62B63C6715",36,1,35,0,"id;reward;score",""
"jp-1.4.0","config_guildoffer_rankreward","config_guildoffer_rankreward.db","72F6027CD50F6D4742B089034A33A661AE1B1ABD0B6BD014636F353CBC70A6AB",2,1,1,0,"id;rankid;reward",""
"jp-1.4.0","config_guildoffer_scorereward","config_guildoffer_scorereward.db","ACE059C3B0BC404B11B6CA226A0090D420816527FD0EBA6770415F86981EA8FA",26,1,25,0,"id;personscore;reward;score",""
"jp-1.4.0","config_guildparam","config_guildparam.db","68FC597565256C3558D7C13CDFC130F61B0D187A9C3D556E9FDFEC8E00B4E173",2,1,1,0,"acqnote;announcencdtime;applymax;applytime;campaigntime;changenamecost;dismisslimit;dissolvedtime;drawcost;guildbuild;guildlv;guildnamenum;headoutlinetime;id;infonum;leastnum;limitcontribution;mailapplyfail;mailapplyouttime;mailapplysuc;mailbasicreward;mailguildbreak;mailguildcreate;mailguilddismiss;mailquitbyboss;mailquitbyself;mailtaskreward;notewordnum;publicitycost;quittime;rewardcutofftime;rewardduration;show_task_num;tasduration;task_refresh;taskcurrency",""
"jp-1.4.0","config_guildpost","config_guildpost.db","E258A325FDE1A5F938CBAA6527DAAEE1A5C468ED8FDBFBD100188D74EAD87A54",4,1,3,0,"apply_task_num;changehead;changename;changenote;changesec;examine;guildtask_finish_num;icon;id;num;post;quit;quitself",""
"jp-1.4.0","config_guildwar_base_info","config_guildwar_base_info.db","991A622E4A0B87CB9A664F830AD0D7CB1B64A67E73CE5994DA75878F51CA3C0E",5,1,4,0,"camera_position;camera_rotate_position;copydisplay_id;desc;id;lap;lap_name;pic;stage;stage_level;stage_reward",""
"jp-1.4.0","config_guildwar_rank","config_guildwar_rank.db","020215619475C84EA2A570EAFBF875E53B2C9618C4A4982B966BF9758FC130BD",10,1,9,0,"id;range;range_desc;rank_name;rank_pic;rank_reward",""
"jp-1.4.0","config_guildwar_reward","config_guildwar_reward.db","965188D3A324421C2A6C50F63E41047BD231A45F2195CDCB0C02245739E99322",17,1,16,0,"base_id;battle_reward;damage_rate;damage_rate_reward;guild_reward;id;kill_reward;stage",""
"jp-1.4.0","config_gun_range","config_gun_range.db","E8B366048E0DA7CCC3B475ADA9043EECC770CE618F4B7AAA4A82DC3D90FF2AF9",5,1,4,0,"desc;enum_name;id",""
"jp-1.4.0","config_gun_range_type","config_gun_range_type.db","AEEE830FEF6F009D66639EACD53CF62C299F24AB00F1B9D3DBD7B81BCD6D7048",5,1,4,0,"enum_name;id;show_word",""
"jp-1.4.0","config_handbook_behaviour_index","config_handbook_behaviour_index.db","287A52F0CA5D3362575E8359496A17D8821E9E8045C529EEAC3C78C3FB8B7261",71,1,70,0,"behaviour_name;default_lock;dressup_type;id;ship_dialogue;special_name",""
"jp-1.4.0","config_help_text","config_help_text.db","9C527DEB3E53DF2AF75A1EAAE677AC7A076780CC0E8FA662A798CF327386A18E",2,1,1,0,"content;id;systemName",""
"jp-1.4.0","config_home_activity_enter","config_home_activity_enter.db","430539BE0D9EFFCC57E73B5907E8BC1D4FC594F2D055A5965EAE7DBC0CD80FF8",49,1,48,0,"activity_copyenter;activity_icon;activity_id;activity_name;chapter_type;id;jump_function;jump_para;reddot_id;reddot_param;special_enter",""
"jp-1.4.0","config_home_page","config_home_page.db","54F4E0057C8882A3863C42FCB065BB36E683739DBEF8F97559402F0F8ECB58FF",4,1,3,0,"function_id;hp_id;zone_id",""
"jp-1.4.0","config_home_scene_envir","config_home_scene_envir.db","3DCBE29734BF6B597369A0E0C75DCEE6A1738CE2C8B5073D6012B89AD9881587",7,1,6,0,"big_activity_envir_bgm;big_activity_envir_bgm_1101;big_activity_envir_bgm_1512;big_activity_envir_bgm_6;big_activity_envir_bgm_7;big_activity_envir_bgm_ryza;envir_bgm;envir_resource;id;intaction_item_id;restrictive_condition_parameter;restrictive_condition_type;time_frame;type;weight",""
"jp-1.4.0","config_interaction_figurte","config_interaction_figurte.db","10311A98EA15ED81799851BBAC9CC4A7B94DFD1DC0A60E1342E1BCBAA45C23CE",190,1,189,0,"figure_icon;figure_name;figure_order;figure_quality;figure_scale;figure_type;id;is_drawable;origional_ship_required;ship_name",""
"jp-1.4.0","config_interaction_item","config_interaction_item.db","B8DD1C7C229EE83B1A79479C9FE57310CD5B4B8DD9BC4CC459CBBF67A617A311",143,1,142,0,"activity_id;drop_id;effect_item_name;id;interaction_event;interaction_item_attach;interaction_item_bag;interaction_item_desc;interaction_item_detail;interaction_item_name;interaction_item_pic;interaction_item_type;item_display_period;item_info_id;item_location_coordinate;item_name;item_name_dawn;item_name_night;item_show_next_item;item_show_next_item_type;item_show_previous_item;period_area;reward",""
"jp-1.4.0","config_interaction_item_bag","config_interaction_item_bag.db","41B0A812EA72357C75972FAF22F2FE284FA1562198B91F5BE13590E9EEFED267",69,1,68,0,"description;icon;icon_small;id;interactionitem;interactionitem_bag_group;item_name;item_name_dawn;item_name_night;name;picture;quality;reward;show_onoff;show_type;type",""
"jp-1.4.0","config_interaction_item_bag_group","config_interaction_item_bag_group.db","63DA0F943F7A66AB99EDD963D35CFA488EE2F14B7276F0E09A37667FD40755C4",3,1,2,0,"icon;id;interactionitem_bag;name",""
"jp-1.4.0","config_interaction_paper_cut_fomula","config_interaction_paper_cut_fomula.db","B83324CFEE5D253CA01C2BBD694CDA23F77435688B73C905D238AC69787B0BDB",127,1,126,0,"drop_id;formula;id;paper_cut;paper_cut_light_image;paper_cut_main_image;paper_cut_word_image",""
"jp-1.4.0","config_island","config_island.db","78F242F045598F887D9AE8C38665004F38B8DD9B74DECA3495DFC7AAEE2CF93E",1088,1,1087,0,"disappear_effect;i_id;icon_name;icon_scale;model;model_scale;sp_id;uicon_Inmap",""
"jp-1.4.0","config_island_group","config_island_group.db","7A3F6BBF2C1852C1830E749A7F3215B94CFA4262BB8441BFD452CA8A27C43FCC",538,1,537,0,"ig_id;island_array;name;points",""
"jp-1.4.0","config_item_exchange","config_item_exchange.db","D6924C6A82D08868C3F353E1FE1A1BE3C55EADAA856C0D6E6C6FBD5A870E9F3B",118,1,117,0,"activity_id;change_count;condition_desc;exchange_condition;id;item_consume;item_reward;refresh_id",""
"jp-1.4.0","config_item_info","config_item_info.db","ECF6E89914D6DFC2D95BB78C77F02C99691839B8807CC46917621FE16516D309",863,1,862,0,"blind_box_id;description;drop_id;drop_path;eff_time;effect_name;existtime;icon;icon_small;id;level;name;nation_text;open_type;prefab_type;price;quality;recommend_bg1;recommend_bg2;ryza_formula_id;ryza_type;ryza_type_num;saleable;score;shop_bg;show_in_shop;show_type;type",""
"jp-1.4.0","config_item_recycling","config_item_recycling.db","98404E16FF641420BF00A259799988D5349BF7FB116823F8AEDB944B157139BB",354,1,353,0,"id;item_need_recycle;item_return;recycle_type",""
"jp-1.4.0","config_item_selected","config_item_selected.db","DD492A0E596E71FC239D493B8E08EA710A179E33115EEE74EBF27733053B5662",424,1,423,0,"batch_open;bg;description;drop_id;girl_quality;icon;id;item_id;name;prefab_type;quality;type",""
"jp-1.4.0","config_item_valentine_gift","config_item_valentine_gift.db","6F591235C641E834C5025FDD95F4F1EA4D6F2BAC81EB41990E2CF487C02B8FB6",122,1,121,0,"attach_reward;description;icon;id;love_letter_description;love_letter_sign;name;quality;ship_fleet_id",""
"jp-1.4.0","config_key_list","config_key_list.db","7A063B3DD4924B16F22EE00A6C38CD1029EA16133D0212C8614169F7AAAC0FB7",229,1,228,0,"id;order",""
"jp-1.4.0","config_language","config_language.db","6D4D2AAC62F834C3B99F6B49A123E277B2BFAC22DE0EA7CE14A9261980B5013B",5526,1,5525,0,"content;id",""
"jp-1.4.0","config_left_camera_controller","config_left_camera_controller.db","3B2AD34921BBE37FA77F9E4FC00455B90839A6857695E9926D196DEAE99D4BFE",30,1,29,0,"diff_name;id;is_preemptive;next_correct_weidth;s_id;trigger_condition;trigger_search_mode;trigger_target;trigger_type;trigger_weidth;use_ship_behaviour_and_camera_states",""
"jp-1.4.0","config_level_reward","config_level_reward.db","4F6AC291B62C337682CAEE98CCC36CDA645B298640564C6475DD7446519B0497",20,1,19,0,"id;reward",""
"jp-1.4.0","config_loading","config_loading.db","6821E78D9F31FA9CC17365E0B706F88F93E203527F234DF89130568D81F7F488",23,1,22,0,"id;loading_down;loading_up;weight",""
"jp-1.4.0","config_loading_tips","config_loading_tips.db","648C65EB0348D868FAC75763F7FCA7FE8C19A121EC5E0D7AA347691DD528F910",31,1,30,0,"id;level;pl;tips;weight",""
"jp-1.4.0","config_magazine_info","config_magazine_info.db","0D941B24EA6071DA11546DBD6742342FE8E24C6293ACE53C384D622DD80D1BCA",11,1,10,0,"buff_id;condition;condition_max;content_ship;contents_left;contents_right;cover_image;cover_image_big;id;is_open;item;name;num;order;page_id;pagedown_id;period;period_area;release_lock;rewards;rewards_long;show_tag_id;special;tag_num_image;task_left_id;task_period_area;task_rewards;task_right_id;ticket_info;ticket_period_area;ticket_ship_id",""
"jp-1.4.0","config_magazine_page","config_magazine_page.db","62D5ECF62D3924871D018898DB385A43975E9F58869718443E5905F21BF1235A",127,1,126,0,"button_show;contents_desc;contents_image;id;image;image_big;magazine_info_id;page_type;ship_fleet_id;task_id",""
"jp-1.4.0","config_magazine_tag","config_magazine_tag.db","B091F5645BBA71A8EBA819C92401CDECD6C33C24AE11F74BBC9A7D4547B63491",26,1,25,0,"id;name",""
"jp-1.4.0","config_main_line_reward_arg","config_main_line_reward_arg.db","76F1AE9FA44C689C81E1D2548F78B4CDA24D3B8CFF0ADCBE502B4FD5179697C5",10,1,9,0,"character;enemy_hp_surplus_ratio_max;enemy_hp_surplus_ratio_min;enemy_survival_count_ratio_max;enemy_survival_count_ratio_min;exp_ratio;id;is_enemy_all_dead;name;other_drop_ratio;self_has_any_sink;self_hp_reduce_ratio_max;self_hp_reduce_ratio_min;settle_drop_ratio;type",""
"jp-1.4.0","config_mask_word_test","config_mask_word_test.db","AAF818CE50BF9B9D47D71E05C0744D3DA65967A038C1D7264523F451A44D98BD",5,1,4,0,"content;id",""
"jp-1.4.0","config_medal","config_medal.db","4DC4867BB78FEF5D358BE6C372189EFCE4D90783FFCB46DDD68B9DEC658DDDC4",132,1,131,0,"description;get;icon;id;name;quality;reward;show_type",""
"jp-1.4.0","config_minigame_ai","config_minigame_ai.db","3E931420D52262C9719DCEDF8F127034C6A357133780EAD1C1E09D52FB8ED73E",32,1,31,0,"area;decs;id;type;velocity_rate",""
"jp-1.4.0","config_minigame_ai_type","config_minigame_ai_type.db","A87374BDA152743129378B95CEBE951B8EA7757BFC980680DD25D52C469C8275",4,1,3,0,"decs;id",""
"jp-1.4.0","config_minigame_buff","config_minigame_buff.db","60F51ADB2656B8E8E98D5391536423427F9F414F955E2F1C69533A317E375928",19,1,18,0,"desc;id;parameter;time;type",""
"jp-1.4.0","config_minigame_buff_type","config_minigame_buff_type.db","282F8494C970C5AE7A7B4FD400D6B88B480D4F422122545680C32BD9352E638B",13,1,12,0,"desc;effect_path;id",""
"jp-1.4.0","config_minigame_copy","config_minigame_copy.db","A336C6F4AB6EC430162D48704CA3B8E996488B6C90D8BC6F18C4ACF726FA5905",124,1,123,0,"bgm;camera_info;camera_size;camera_speed;copy_order;id;item_num_show;item_random;name;next_copy;player_life;scenes;score_desc;skill_id;special_area;tips_image;victory_condition",""
"jp-1.4.0","config_minigame_infinite_copy","config_minigame_infinite_copy.db","661460EBCB8C59FC8E9B96445E5A57322A7266A3701D56F35EB1EE8FCD296A05",5,1,4,0,"copy_id;id;image;name",""
"jp-1.4.0","config_minigame_item","config_minigame_item.db","515E7F711A952BDF344600FAFBD31671A3607C181E7935D1C7B7BD605229BDD8",15,1,14,0,"buff_id;effect_desc;effect_path;id;name;p1;p2;position;respath;size;template;type;ui_resource",""
"jp-1.4.0","config_minigame_item_template","config_minigame_item_template.db","214B6D53DA3F50502877298F3975A01FAAB0DC5FB0BB0866109B8F22527E1A3B",11,1,10,0,"id;image;name",""
"jp-1.4.0","config_minigame_npc_info","config_minigame_npc_info.db","2DE7A5387D2CF29721E11E23A414409BA1F9589924BA5365A6F87C3828E6062A",46,1,45,0,"ai;drop_item;id;name;size;velocity",""
"jp-1.4.0","config_minigame_skill","config_minigame_skill.db","51DB22C38A67F2EE33D8C669F3047312E3AC36737AAECF9355B4FBF2E43D9903",4,1,3,0,"buff_id;effect_path;id;name;parameter;skill_area;skill_cd;skill_delay_time",""
"jp-1.4.0","config_minigame_special_area","config_minigame_special_area.db","62F0A0173B06CFB4334BBF0FCC3C999388F70239287A18DFB2C95651D05E26CE",99,1,98,0,"area;buff_id;decs;id",""
"jp-1.4.0","config_minigame_victory_condition","config_minigame_victory_condition.db","4DAA24228948DD04151AE04EAEB524CB78A421D26583DC03F81295BCDF541454",34,1,33,0,"id;parameter;type",""
"jp-1.4.0","config_mission","config_mission.db","FC7ACDA57F053135A053A124A46C5D3772017E05F29FE99E40EE7145E85D857C",15,1,14,0,"acceptmission_action;finish_type;finishmission_action;id;mission_display_id;mission_eca_id;mission_eca_type;nextmission",""
"jp-1.4.0","config_mission_display","config_mission_display.db","1E50D7BDFD2C9A552D9BD506B0967858B317C6A00D29C515F91451FECEBAA98B",10,1,9,0,"desc;id;mission_eca_desc;mission_eca_desc_type;name",""
"jp-1.4.0","config_model_camera_config","config_model_camera_config.db","FD31F71D6823F6D2EB03EA4EEE838BAF7FD9AC187ECD08922E4E3C1D4FB009CD",250,1,249,0,"animojiCameraRelativePos;animojiCameraRelativeRot;animojiSize;detailsCameraRelativePos;detailsCameraRelativeRot;detailsSize;getCameraRelativePos;getCameraRelativeRot;getSize;model;schoolCameraRelativePos;schoolCameraRelativeRot;schoolSize;setCameraRelativePos;setCameraRelativeRot;setSize",""
"jp-1.4.0","config_music","config_music.db","A9108DA391F60B1138E38BB69C68049D73189BB9F4170693A3E1FBA1748A6F16",14,1,13,0,"clear_other;duration;event_name;m_id;music_model;music_name;param;play;volume",""
"jp-1.4.0","config_navmesh","config_navmesh.db","91212BDFE07F54A22C3247AD4C0411BF89CE2ED3BB5F4F7FEE11D508BEAE5E17",169,1,168,0,"data;sceneID",""
"jp-1.4.0","config_novice_ship_info","config_novice_ship_info.db","369F637D84E181F9877FDB7678828C3BADECB041084CB9546C77549B6A373702",8,1,7,0,"equip1;equip2;equip3;equip4;equip5;equip6;novice_id;ship_enemy_id",""
"jp-1.4.0","config_outpost_info","config_outpost_info.db","EC18861E3EB56F4E9D79E10E83B0628AC7F7FFEA774A0E8B142D94D67E4B8ABD",11,1,10,0,"chapter_id;id;image;level_list;mood_cost",""
"jp-1.4.0","config_outpost_level","config_outpost_level.db","F27BAAF4A7C1AA0A8E6A0FB1282B4061DCD9C76C05531856A3E1AD60819542E0",71,1,70,0,"box_limit;drop_level;id;item_cost;item_return;level;next_id;outpost_id;reward;reward_show;ship_num;speedup_cost;speedup_reward",""
"jp-1.4.0","config_page_hide_type","config_page_hide_type.db","0C4F79EFA7E7917A4EF460FD1C072E6CD4ED2645BE61016F281D4EE9EF14E354",3,1,2,0,"desc;enum_name;id",""
"jp-1.4.0","config_page_switch_animation","config_page_switch_animation.db","D279B37D339FFA5C791CEE7177A46AA790C4C00E16105A079DF1D72B5D27F935",30,1,29,0,"diff_name;from_page;psa_id;switch_type;to_page",""
"jp-1.4.0","config_page_type","config_page_type.db","3995C25724E01D62A7867978CE06B6A0F5F92844720B2FBCEDBE92AE215B8507",3,1,2,0,"desc;enum_name;id",""
"jp-1.4.0","config_parameter","config_parameter.db","4F68975D8DAEA8BAEDA5A43C6CCC1C2B17E093705A0EFCEA82A507F38B6D7D8F",430,1,429,0,"arrValue;id;name;parameter;value",""
"jp-1.4.0","config_parameter_mail","config_parameter_mail.db","7BAC36FEA06018101EF1AD9380BEFE86039371F221E074641C780C58BB17D894",91,1,90,0,"id;mail_content;mail_title;mail_title_eng;related_system",""
"jp-1.4.0","config_parameter_mail_test","config_parameter_mail_test.db","128D35C5C97E10BE1CE296A44FC7FB7F702D1645DCD212BAAB422CA10485E5B8",7,1,6,0,"id;mail_content;mail_title;mail_title_eng;related_system",""
"jp-1.4.0","config_period","config_period.db","C8C554FB673E906D5FA272C7E3493320CE706958F344A089259914B331A084DD",970,1,969,0,"duration;duration_list;end_time;id;p1;p2;p3;p4;p5;p6;start_time;type",""
"jp-1.4.0","config_pet_main","config_pet_main.db","551289C5E3F01DF373881DFA7C74052123A4BC84BC6F56AEB2D68539D53921F2",5,1,4,0,"defult_prop;desc;equip_id;icon;id;name;nomarl_show_id;position;pskill_group_nomarl;pskill_wakeup;scale;usestate_loop;usestate_restore;usestate_settlement;usestate_wakeup;wakeup_show_id",""
"jp-1.4.0","config_pet_pskill_display","config_pet_pskill_display.db","6AD35A06185F83F40C98013F36D17F4A808789C9052C23628FA80F7EBE628431",6,1,5,0,"id;pet_main_id;pskill_main_id;skill_release_group_id;use_state",""
"jp-1.4.0","config_player_head_frame","config_player_head_frame.db","B6D96CE8FBD344BBBCFB4B76255199B941F83A3BDF4C9A255056F1F89FCD9DBC",129,1,128,0,"description;icon;icon_small;id;name;quality",""
"jp-1.4.0","config_player_levelup","config_player_levelup.db","96BD27691273F6212A6C5826080DCCDC00A3E623733A61A4082BCE9057E30C2C",101,1,100,0,"exp;friends_count;level;levelup_rewards;month_supply_max_add;month_supply_speed_add;pvept_num;pvept_recovery;supply_increase_speed;supply_max_limit;tactic_poin;world_chat_count_limit",""
"jp-1.4.0","config_plot_episode","config_plot_episode.db","6F8ACA0A5DB1BAEF2AB19D13D5656493B3AA20746BD99D8FFEB65BA1CF8E44B4",2342,1,2341,0,"Gradually_appear;Gradually_disappear;auto_next_time;auto_read;barrage_ctrl;black_scene;black_scene_timing;branch1_parameter;branch2_parameter;branch3_parameter;branch4_parameter;content;cut_scentence;dialog_animation;initial_position_offset;is_mask;log;meanwhile_ship;mirror;other_talker_next_position;plot_episode_branch1_name;plot_episode_branch2_name;plot_episode_branch3_name;plot_episode_branch4_name;plot_episode_end_event;plot_episode_id;plot_episode_skip;plot_episode_step_id;plot_episode_type;scene_res_path;scene_type;screen_animation;screen_effect;step;talker_expression;talker_id;talker_initial_position;talker_name;talker_next_position;talker_tween;text_size",""
"jp-1.4.0","config_plot_episode_audio_character","config_plot_episode_audio_character.db","8387673760C593B5FD1876BA9E8592E60C02A83221ED940FCD09FCD5BCBCF7E9",8304,1,8303,0,"audio_effect;audio_id;background_music;content;exchange_music;plot_episode_id;plot_episode_step_id;preload;scene_type;step;talker_name",""
"jp-1.4.0","config_plot_episode_audio_event","config_plot_episode_audio_event.db","9843383AC4E38B24588A9A85AE818DAC6C406F3CCA6187C6F6B618356F64C065",11543,1,11542,0,"audio_effect;audio_id;background_music;content;exchange_music;plot_episode_id;plot_episode_step_id;preload;scene_type;step;talker_name",""
"jp-1.4.0","config_plot_episode_audio_main","config_plot_episode_audio_main.db","BC058F16556B40B7165648F025036EB773A97793B86402520D26F4C729D6A33A",10940,1,10939,0,"audio_effect;audio_id;background_music;content;exchange_music;plot_episode_id;plot_episode_step_id;preload;scene_type;step;talker_name",""
"jp-1.4.0","config_plot_episode_audio_wedding","config_plot_episode_audio_wedding.db","8A30E433125F9C78C46D067469B38C162F9CFA58A6C72202C01F25672CF6FF3A",706,1,705,0,"audio_effect;audio_id;background_music;content;exchange_music;plot_episode_id;plot_episode_step_id;preload;scene_type;step;talker_name",""
"jp-1.4.0","config_plot_episode_branch","config_plot_episode_branch.db","375BDA2C824BB27CB9AF6683547BE0CEC9074FDFE38D0D61F4420CCF7D3704F5",3,1,2,0,"branch_content;branch_id;branch_parameter;branch_type",""
"jp-1.4.0","config_plot_episode_character","config_plot_episode_character.db","D0937E8C58DF16B22A9EC5A1CA9D57A235A287103C4E217BA2C6748DFF34A7B2",8304,1,8303,0,"Gradually_appear;Gradually_disappear;auto_next_time;auto_read;barrage_ctrl;bg_animation;black_scene;black_scene_color;black_scene_timing;branch1_parameter;branch2_parameter;branch3_parameter;branch4_parameter;content;cut_bg_animation;cut_scentence;cut_screen_effect;dialog_animation;initial_position_offset;is_mask;log;meanwhile_ship;mirror;multistep_branch;new_screen_effect;other_talker_next_position;plot_episode_branch1_name;plot_episode_branch2_name;plot_episode_branch3_name;plot_episode_branch4_name;plot_episode_end_event;plot_episode_id;plot_episode_skip;plot_episode_step_id;plot_episode_type;scene_res_path;scene_type;screen_animation;screen_effect;ship_scale;show_dialog;static_scene_res_path;step;talker_expression;talker_id;talker_initial_position;talker_name;talker_next_position;talker_tween;text_size",""
"jp-1.4.0","config_plot_episode_effect","config_plot_episode_effect.db","401ECFCFBBAB785F9C4E526ADC71D962F841630FD97850E836CB3135071E7D8A",43,1,42,0,"effect_id;effect_res",""
"jp-1.4.0","config_plot_episode_event","config_plot_episode_event.db","D83E49DA893BF68A0EA86FF5819AB56D38BC3AFDBD00342A13E8F07427AA31F7",11543,1,11542,0,"Gradually_appear;Gradually_disappear;auto_next_time;auto_read;barrage_ctrl;bg_animation;black_scene;black_scene_color;black_scene_timing;branch1_parameter;branch2_parameter;branch3_parameter;branch4_parameter;content;cut_bg_animation;cut_scentence;cut_screen_effect;dialog_animation;initial_position_offset;is_mask;log;meanwhile_ship;mirror;multistep_branch;new_screen_effect;other_talker_next_position;plot_episode_branch1_name;plot_episode_branch2_name;plot_episode_branch3_name;plot_episode_branch4_name;plot_episode_end_event;plot_episode_id;plot_episode_skip;plot_episode_step_id;plot_episode_type;scene_res_path;scene_type;screen_animation;screen_effect;ship_scale;show_dialog;static_scene_res_path;step;talker_expression;talker_id;talker_initial_position;talker_name;talker_next_position;talker_tween;text_size",""
"jp-1.4.0","config_plot_episode_expression","config_plot_episode_expression.db","E5CEB7A3B5F686E493C47A1187FB7E1904062266D0068377325B5DAEAAF31D9B",1940,1,1939,0,"expression_des;expression_id;expression_res;talker_id",""
"jp-1.4.0","config_plot_episode_main","config_plot_episode_main.db","E8C4C6F6B1DB9325F44ED92709C326A3B3C26F143E4711A0BA543E80FD4EE524",10941,1,10940,0,"Gradually_appear;Gradually_disappear;auto_next_time;auto_read;barrage_ctrl;bg_animation;black_scene;black_scene_color;black_scene_timing;branch1_parameter;branch2_parameter;branch3_parameter;branch4_parameter;content;cut_bg_animation;cut_scentence;cut_screen_effect;dialog_animation;initial_position_offset;is_mask;log;meanwhile_ship;mirror;multistep_branch;new_screen_effect;other_talker_next_position;plot_episode_branch1_name;plot_episode_branch2_name;plot_episode_branch3_name;plot_episode_branch4_name;plot_episode_end_event;plot_episode_id;plot_episode_skip;plot_episode_step_id;plot_episode_type;scene_res_path;scene_type;screen_animation;screen_effect;ship_scale;show_dialog;static_scene_res_path;step;talker_expression;talker_id;talker_initial_position;talker_name;talker_next_position;talker_tween;text_size",""
"jp-1.4.0","config_plot_episode_ship","config_plot_episode_ship.db","4B34F32365E71749C371A45130CE18CA4D42BE9674736FD8026F3673D62C4497",467,1,466,0,"euler;expression_point;left_ship_center;middle_ship_center;mirror_left_ship_center;mirror_middle_ship_center;mirror_right_ship_center;right_ship_center;ship_id;ship_name;ship_res_path",""
"jp-1.4.0","config_plot_episode_trigger","config_plot_episode_trigger.db","224416D8650F4356CD49F9DC9B6D806E21B6083D6A54712B4229969E205BCB26",2329,1,2328,0,"plot_copydisplay_id_end;plot_copydisplay_id_end_branch;plot_episode_id;plot_episode_reward;plot_steps;plot_tableName;plot_trigger_end;plot_trigger_id;plot_trigger_parameter;plot_trigger_type;plot_trigger_type_id;repeat_trigger;rewards;trigger_switch",""
"jp-1.4.0","config_plot_episode_tween","config_plot_episode_tween.db","F32D09A6CEF1C35EB965E4EDB2A685517D2AE11FDF7AB535C668509F64FFBAE4",256,1,255,0,"delay_time;talker_action_from;talker_action_number;talker_action_oncetime;talker_action_to;talker_action_type;talker_action_x;talker_action_y;talker_action_z;talker_tween_type;tween_id",""
"jp-1.4.0","config_plot_episode_wedding","config_plot_episode_wedding.db","7FBD8B948182B6AEB0D60CF84D7520C55315AE72CF3ECFA9B53C3EA60450EF9B",706,1,705,0,"Gradually_appear;Gradually_disappear;auto_next_time;auto_read;barrage_ctrl;bg_animation;black_scene;black_scene_color;black_scene_timing;branch1_parameter;branch2_parameter;branch3_parameter;branch4_parameter;content;cut_bg_animation;cut_scentence;cut_screen_effect;dialog_animation;initial_position_offset;is_mask;log;meanwhile_ship;mirror;multistep_branch;new_screen_effect;other_talker_next_position;plot_episode_branch1_name;plot_episode_branch2_name;plot_episode_branch3_name;plot_episode_branch4_name;plot_episode_end_event;plot_episode_id;plot_episode_skip;plot_episode_step_id;plot_episode_type;scene_res_path;scene_type;screen_animation;screen_effect;ship_scale;show_dialog;static_scene_res_path;step;talker_expression;talker_id;talker_initial_position;talker_name;talker_next_position;talker_tween;text_size",""
"jp-1.4.0","config_privilegedesc","config_privilegedesc.db","D9D021C30E507B676684448C6F547E501E47A8C3676794E3A64F6E6EE9BFFDF7",19,1,18,0,"desc;id;texttitle",""
"jp-1.4.0","config_profile","config_profile.db","821BD6DBA8B06FF0647E368DF6487AB9F8FFA5956969C9D59954744A91FFA531",348,1,347,0,"belongshipid;cost;costrate;default;desc;dropdesc;fashion;icon2;id;image;name;shownew;type",""
"jp-1.4.0","config_prohibit_speed","config_prohibit_speed.db","E1A1251123E155F0CB1E79BB6034D74125015BB79BD14D2E24C8EF2B7A840D2F",2,1,1,0,"prohibit_lv;prohibit_num;prohibit_switch;prohibit_time",""
"jp-1.4.0","config_prop","config_prop.db","08EBC1E463D7E33C4F0C836B45802982AD75FF28D671B5CA07408D1BD7219CB9",485,1,484,0,"attack_coefficient;attack_value;default_value;defense_coefficient;defense_value;desc;enum_name;id;prop_value_type",""
"jp-1.4.0","config_pskill_dict_buff","config_pskill_dict_buff.db","03C455DCC1C652A514ED313CF0CA3A9C2041A3D5E489C9CAAE5546B14F115F6E",1975,1,1974,0,"action_stage;buff_add_max_count;buff_add_type;buff_ai_id;buff_ai_priority;buff_creat;buff_duration_type;buff_duration_value;buff_duration_value_add;buff_factor_id_array;buff_group_id;buff_show_group_id;buff_show_id;buff_trans_data;buff_type;conflict_buff_id;force_clean_flag;id",""
"jp-1.4.0","config_pskill_dict_buff_cb_con","config_pskill_dict_buff_cb_con.db","E1D10D35A681CC57F133DF73C589B5B45BC1CEB7E9AE222AAB4F94013AF7AD1F",48,1,47,0,"condition_type;id;target;value",""
"jp-1.4.0","config_pskill_dict_buff_cb_condition","config_pskill_dict_buff_cb_condition.db","9FF9AA83C705A2D056DA4FBD9D6B9C6C637E99E0BC59B90797D14B0C334D1B8F",45,1,44,0,"condition_type;id;target;value",""
"jp-1.4.0","config_pskill_dict_buff_factor","config_pskill_dict_buff_factor.db","47DED5613B20B703F9AD6426D9FC1E205CA7469690751FF8D9381444C108BEC1",1931,1,1930,0,"args;buff_export_type;buff_factor_type;buff_trigger_type;callback_condition;callback_skill_condition;could_sink;dot_begin_cycle;dot_cycle;dot_max_num;dot_pskill_begin;dot_pskill_dot;dot_pskill_end;dot_pskill_kill;export_func;general_formula;id;order;properties_snapshot;str_args;target_prop_id",""
"jp-1.4.0","config_pskill_dict_buff_factor_args","config_pskill_dict_buff_factor_args.db","E0F8F043427BA25BCFC336CC7A09D64E05E835B918D551B6A142656EF8AD21CF",35,1,34,0,"arg_type;arg_value;arg_value_add;id",""
"jp-1.4.0","config_pskill_dict_buff_trans","config_pskill_dict_buff_trans.db","1FBC6A2D86001E60F5515791667E207895261061BFA1C6775101F721122BF8D7",7,1,6,0,"id;last_time_mode;trans_count;trans_target;trans_time",""
"jp-1.4.0","config_pskill_dict_change","config_pskill_dict_change.db","91EEEA84457EEA36BC3503E426F778631EC9359B85C0960327AC58CBB07E936E",11,1,10,0,"buff_factor_export_type;buff_factor_id;buff_factor_type;buff_id;buff_type;change_dict_id;id;operation_type;skill_export_type;skill_id",""
"jp-1.4.0","config_pskill_dict_condition","config_pskill_dict_condition.db","39E1778A547BF3AFDB8667818F922869081AE07F978A7B6ACD86C17637EADFAB",1434,1,1433,0,"condition_formula;condition_type;id;is_trigger_condition;prop;value_condition_type;value_num;value_type",""
"jp-1.4.0","config_pskill_dict_condition2","config_pskill_dict_condition2.db","0BBE0F9CAEB049D20323B1751DBDF6E61D7E642D4A76AA8F2378EE733626D0E9",5,1,4,0,"condition_formula;condition_type;id;prop;value_condition_type;value_num",""
"jp-1.4.0","config_pskill_dict_c_param","config_pskill_dict_c_param.db","25D2ED3ED758A697B7CC54E18BEA8A7DB679B719F1C92791ADEC308BB8249875",69,1,68,0,"condition_func;id;param_type",""
"jp-1.4.0","config_pskill_dict_display","config_pskill_dict_display.db","4FD1A602948DA2B740EC546C7F0DBB29CA0AD63384CD06AB98996DCD2F3AC5EC",1252,1,1251,0,"change_type;change_word;desc2;desc_color;desc_val;equip_icon;flag_skill;id;mingzhong_effect_uri;mingzhong_head_effect_uri;pskill_type;skill_icon;skill_name;trigger_display_type;trigger_effect_page_path;trigger_effect_page_path_pip;trigger_head_uri;trigger_pause_duration;trigger_stay_duration;trigger_to_pause;trigger_wenzi_uri",""
"jp-1.4.0","config_pskill_dict_factor","config_pskill_dict_factor.db","039CCCAC3F56FE8717E92D833FA5987032516E1F61E5C1BBC8D6FE8F41C6EC87",1272,1,1271,0,"export_func;export_odds_add;export_odds_base;export_target_prop_id;export_type;general_formula;id;operation_buff_dict_id;operation_flag_dict_id;order;select_mode;select_target_array",""
"jp-1.4.0","config_pskill_dict_flag","config_pskill_dict_flag.db","B5026A70D1BBBE91BCFF4E819572ED7FB57DD0F4CF95F935EA5BDAC9669B1B12",116,1,115,0,"fid;force_clean_flag;id;value_num",""
"jp-1.4.0","config_pskill_dict_group","config_pskill_dict_group.db","17CACF078AB7A858EFE7C7C2050BDBF9CA334F40A903749F8AC058AE40D95E1A",3019,1,3018,0,"active_condition;desc;desc2;desc_color;desc_val;icon;id;intial_level;is_callback;level_value_effect;max_level;param_list;pskill_body;pskill_dict_display_id;script_list;skill_desc;skill_id_array;skill_replace;talent_name;talent_type;upgrade_materials;upgrade_materials_mub",""
"jp-1.4.0","config_pskill_dict_main","config_pskill_dict_main.db","430B964B3B7EE5C5C1A26408A134BDE439E7217E95E37B5A9703971C9663404E",4912,1,4911,0,"condition_id_array;condition_ids;event_order;event_params;event_target;event_type;execute_count;export_func;export_odds_add;export_odds_base;export_target_prop_id;export_type;general_formula;id;operation_buff_dict_id;operation_flag_dict_id;period;pskill_change;pskill_change_info;pskill_delay;pskill_delay_target_mode;pskill_factors;pskill_factors_probability;pskill_type_group;release_cd;release_cd_type;release_max_operation;release_num_limit_count;release_num_limit_type;release_type;select_target_array;skill_show_switch;trigger_probability;trigger_probability_group",""
"jp-1.4.0","config_pskill_dict_select_item","config_pskill_dict_select_item.db","CAA23DDD775DAD2BC8D130FCFB773B7CAC91333ED1CFE3FF6CAE5A23CDBF110F",70,1,69,0,"condition_func;id;param;select_condition;select_prop_id;select_value;select_value_lvadd;select_value_type;value_compare_type",""
"jp-1.4.0","config_pskill_dict_select_target","config_pskill_dict_select_target.db","61D005AD4D7F67E397D7FFC11198510947A41CC96E2499DC432D81D6262146CF",147,1,146,0,"base_num;condition_items;id;is_fleet;prop_num;random_num;select_need_valid;select_only_one;select_type;self_filter",""
"jp-1.4.0","config_pskill_dict_select_target_item","config_pskill_dict_select_target_item.db","8A86136BB684D5DE1016198600E389DEE462FF2A3E454CD964210D135284D8C6",29,1,28,0,"condition_func;id;select_condition;select_prop_id;select_value;select_value_lvadd;select_value_type;value_compare_type",""
"jp-1.4.0","config_pskill_sp_talent","config_pskill_sp_talent.db","A306EFAD4E43FB46C046A212824CB769CF797A8BA22F75B49089C5F79B1BC5B8",4,1,3,0,"condition_type;description;id;parameter;talent_id;val_add;val_init",""
"jp-1.4.0","config_pushnotice","config_pushnotice.db","5C762CA4D2E7632374E6242F63C72FB6B03D59B0722A44E2A47A90196C280C76",11,1,10,0,"id;name;notice;text",""
"jp-1.4.0","config_qte_step","config_qte_step.db","3B85539071019EDE60236FAC6D66A3B30FF84F22014D4D23798F8544DE6CE208",5,1,4,0,"desc;enum_name;id",""
"jp-1.4.0","config_quality_param","config_quality_param.db","6A3626B4E5CD92391A75D46168643C552BE46A71EC6ED9D635B6B26BAA4A51D2",6,1,5,0,"preview_imgbg;preview_name_bg;quality_id;togglelist_imgbg",""
"jp-1.4.0","config_random_effect_target_type","config_random_effect_target_type.db","718FAA29DF5A1118B41C02AB09360768A78A3DEBA066DB804BF6D19AFDC05D62",4,1,3,0,"id;table_index",""
"jp-1.4.0","config_random_factor","config_random_factor.db","6181B8EBF34478CC729F7B7536FD59C921BD3460A0B32A7F8E51F9CEE90F8475",401,1,400,0,"effect_target;effect_target_player_fleet;effect_target_type;factor_description;factor_id;factor_image;factor_target;factor_target_type;factor_type;game_limits_id;is_enemy",""
"jp-1.4.0","config_random_factor_group","config_random_factor_group.db","282FCE6C760814CDEE05F9CAFCD40182491ED8A6D1C2015D41F349194A7F1EEC",380,1,379,0,"factor;group_weight;id",""
"jp-1.4.0","config_random_factor_set","config_random_factor_set.db","7286ED800172781C98AA9D626CF5145633A4CE4355AEC86B12E8A3C603C00B18",384,1,383,0,"factor_groups;factor_skip;id;period;period_list;set_icon;set_name",""
"jp-1.4.0","config_random_factor_target_type","config_random_factor_target_type.db","A7E8AF14C183185DE1B00AF5FA017F34B7186C3F564F3057BFC956C0D36D927C",4,1,3,0,"id;table_index",""
"jp-1.4.0","config_random_factor_type","config_random_factor_type.db","9395A153FA47F29597E31CA4EBE5D2FE68A7233E06AF8845ED6F73C589B18CA7",10,1,9,0,"icon;id;name",""
"jp-1.4.0","config_random_first_name_en","config_random_first_name_en.db","9A6E6793E996917B997F77E4A53832A9F9FD55D2BD51B48EF51496A90D8C6048",238,1,237,0,"firstName;id",""
"jp-1.4.0","config_random_first_name_ja","config_random_first_name_ja.db","346221F20BD36E2DA7F1DD2BCC5D4E1F744155943A15CCE201DECFF5B016D96B",98,1,97,0,"firstName;id",""
"jp-1.4.0","config_random_last_name_en","config_random_last_name_en.db","56594B40C1D2A52D3A1B504F2F22DC9CDDB0609F750229A745A89CAE97D695AA",197,1,196,0,"id;lastName",""
"jp-1.4.0","config_random_last_name_ja","config_random_last_name_ja.db","F8E7C2D56A10AE759EDC4D0A4B7D47C1FA4F58DB7071B8C35E36922AE648D1A1",96,1,95,0,"id;lastName",""
"jp-1.4.0","config_range","config_range.db","39F898EA20EE76DDAA5379FE61BDE7FE16A8550FA828D66BA101D86F5A06F33F",1,1,0,0,"",""
"jp-1.4.0","config_rank","config_rank.db","EC1275E431C1505C9CAC55005C1A45074E60D6DD84D85C39136EBB4D10F79C91",12,1,11,0,"copy_id;id;period;period_area;type",""
"jp-1.4.0","config_recharge","config_recharge.db","969794E7D12CD6B7DB59F2C06CEDA864F01EDE91522745D205039735923F34E8",891,1,890,0,"activitydrop;appeartype;boxexisttime;buy_limit;buynum;buynum_refreshtime;channel;condition;cost;currency_type;daily_reward;desc;double_period;drop;drop_reward;duration;extra_reward;flag_id;free_duration;free_reward;icon;id;isshow;last_id;name;nodouble_desc;nodouble_extra_reward;nodouble_extra_reward_desc;open_limit;orderparam;orderscript;originalcost;paytype;privilege;privilegedesc;productId;pushnum;random_limit;recharge_value;recommend_bg1;recommend_bg2;refreshid;reward;score;sdkdesc;selltime;shop_bg;show_createdays;show_name;show_reddot;tagid;true_cost;value;weight",""
"jp-1.4.0","config_rechargecondition","config_rechargecondition.db","91DF983FD9F2A5D71F06C797FE911C8685FB65B1EB21D13C5FCC1373E45026B0",33,1,32,0,"id;param1;param2;param3;type",""
"jp-1.4.0","config_rechargetag","config_rechargetag.db","F3B3FC08205282D3A5E076BCD39303720CECFBD2705F9A39F90860D1CFE9E35C",3,1,2,0,"icon;id;name;rechargegroup",""
"jp-1.4.0","config_recharge_icon","config_recharge_icon.db","2AA0CB4E9FC2671C077D11DFDD0D63A4DD8F29FD757F4E4223B37822F7CFFCD0",4,1,3,0,"description;icon;id;name;quality",""
"jp-1.4.0","config_recharge_selective","config_recharge_selective.db","5CE58C11C73CCBB0EEB9454A032E0FF305255539B03D2B83930DCF2E23E554CD",5,1,4,0,"basic_reward;cost;id;limit;name;refresh_id;selective_reward_1;selective_reward_2;selective_reward_3;selective_reward_4",""
"jp-1.4.0","config_recipe","config_recipe.db","BA162193CE8C3878426BEDEBD7B7ED5A3E403F4798901672DA544821A51438C8",25,1,24,0,"cost_energy;hide;id;item;item_unlock;rawmaterial1;rawmaterial2;rawmaterial3;time;type;typename;unlocklevel",""
"jp-1.4.0","config_recipe_compose","config_recipe_compose.db","1FFF1C76EA1B6FDB2594CF8AF024260625F77AF3C1D7EEA949DF503544C3D16F",17,1,16,0,"id;item;rawmaterial1;rawmaterial2;rawmaterial3;type;typename;unlocklevel",""
"jp-1.4.0","config_refresh","config_refresh.db","0129C7504C62DBECC84241CE761FF080B62FB81588E6FB8137D49D1CFAF1995E",21,1,20,0,"id;p1;p2;p3;p4;p5;p6;type",""
"jp-1.4.0","config_report","config_report.db","6866C8FEF8AB550070D889CBCE7B983A72AC15AF2125973389EAC062A84B02DA",6,1,5,0,"desc;id;min_last_time;normal_last_time;type",""
"jp-1.4.0","config_return_stage","config_return_stage.db","0C3780FC284D5D79A06B085DA15865C4B117B93AEF07C7DEBF472C169DDC42AE",8,1,7,0,"bg;count;description;icon;id;name;outlinecolor;picture;selected;task_return;task_stage;textcolor",""
"jp-1.4.0","config_rewards","config_rewards.db","ACC945F98BDF9B89327B1DC7B542F3ED65E60AD49EC03D1C6552D3BD8B5EA123",9851,1,9850,0,"description;id;rewards",""
"jp-1.4.0","config_room","config_room.db","AC1D985FB21A2D26DDF67E4D6960908F235F34B567A19CF6ED0F95C0B321DCC8",3,1,2,0,"chapter_id;id;player_number;type;zone_id",""
"jp-1.4.0","config_ryza_alchemy_formula","config_ryza_alchemy_formula.db","3B163D7373516BADBFC72F95DD399315605551F0871320AB0BB8080CEA49A6B8",59,1,58,0,"description;drop_id;drop_path;formula_type;icon;icon_small;id;item_group;level;name;prefab_type;product;quality;recommend_bg1;recommend_bg2;shop_bg;show_type;type",""
"jp-1.4.0","config_ryza_alchemy_item","config_ryza_alchemy_item.db","F9535EC0D6BFA30481286396E1DD4850B650F471EEA8C8E09A208FDD8444F41B",565,1,564,0,"back_item;effect;id;item_type;materials;position;pre_item",""
"jp-1.4.0","config_ryza_alchemy_type","config_ryza_alchemy_type.db","61B2901909E6F3C17E5ADA72484676467175B751B5E2146EA3C62B217C15F788",5,1,4,0,"desc;eff_normal;eff_normal_back;id;image_background;image_off;image_on;name;quality",""
"jp-1.4.0","config_safearea","config_safearea.db","41F0118CD10EEF0716EBA43792C379C2BFA9C0B8BA1112911787CA97DF508BC6",8,1,7,0,"change_time;copy_text_color;desc;effect_outline_color;effect_text_color;explore_image;id;imgbackground;imglock;levelup_effect;slider_image;small_slider_image;text_color",""
"jp-1.4.0","config_safearea_condition","config_safearea_condition.db","7213EACA2B0807D0B8C70D55C8AA5B9946FCF95EA979C2997807924D0E81A579",70,1,69,0,"desc;id;p1;p2;type",""
"jp-1.4.0","config_safearea_effect","config_safearea_effect.db","652FAA5509CA3CCA8ED945323B22653AD1B765018122ACB0687EF749B61A705D",184,1,183,0,"desc;id;p1;p2;p3;p4;p5;type",""
"jp-1.4.0","config_scene","config_scene.db","FB389E3C8368D53E5DF0D0FDD4EB7DCED6830E925CB7B2D8C2C71527842A6920",253,1,252,0,"guide_mesh;island_ids;name;s_id;scene_res_name",""
"jp-1.4.0","config_scene_position","config_scene_position.db","FAD545FA4FB50513E9C32FFBBDAA10D806CBAA0009FB399745ABFD34DC24F3F7",18686,1,18685,0,"eluer_y;name;position_id;position_x;position_y;position_z;sp_id",""
"jp-1.4.0","config_scene_weather","config_scene_weather.db","047793EF16F21BA45E89D39185359A074E8A8BBE7CAF163C11E264E6BE36E8B9",2,1,1,0,"desc;diff_name;sw_id;weather_echange_light_id;weather_exchange_particle_id_s;weather_type",""
"jp-1.4.0","config_search3d_item","config_search3d_item.db","1612BEE6F31544251E2F621F0861D157D65C09A7081D32249249EBD222E3E00F",30,1,29,0,"desc;display_distence;display_mode;id;item_defult_icon;item_defult_model_eb_id;item_effui_eb_id;item_mini_icon;item_range_eb_id;item_trigger_eb_id;item_ui_root;playerfleet_trigger_eb_id;warn_mode",""
"jp-1.4.0","config_select_point_type","config_select_point_type.db","81FE60B948DFDF40174C00FA45F7208E4DB6563A6362774076F9A40658368F9F",3,1,2,0,"desc;enum_name;id",""
"jp-1.4.0","config_select_target_type","config_select_target_type.db","BAA61E18F8FD5F32CBF2EBA978D5074E4C9E9F0FE7DBBC59E41802EB6574CECB",8,1,7,0,"desc;enum_name;id",""
"jp-1.4.0","config_ship","config_ship.db","8A2E093F71884EB38171C9F726607A054B71AF43A48A6333309CEA5675DD213A",14,1,13,0,"angle_spped;anti_crit;attack;attack_levelup;battle_angle_speed;carry_airplane_count;crit;defense;defense_levelup;dodge;equip_attr_num_1;equip_attr_num_2;equip_attr_num_3;equip_attr_num_4;ewt_ids;fate;gun_range_type;hit;hp;hp_levelup;init_star;max_star;model;model_height;model_radius;s_id;ship_air_control;ship_air_control_levelup;ship_bomb_attack;ship_bomb_attack_levelup;ship_county;ship_icon;ship_name;ship_torpedo_attack;ship_torpedo_attack_levelup;ship_type;speed;to_air_attack;to_air_attack_levelup;to_torpedo_attack;to_torpedo_attack_levelup;torpedo_attack;torpedo_attack_levelup;torpedo_defense;torpedo_defense_levelup;view_range",""
"jp-1.4.0","config_shiplist_option","config_shiplist_option.db","7D85654DB726BC59411BA4E6A08E9041C8002DF0E0DDA8D52A813E1A8C8A96FD",9,1,8,0,"id;shiplist_sequence_id",""
"jp-1.4.0","config_shiplist_sequence","config_shiplist_sequence.db","92ADB932BD6BD1DEB5E9E643B5F44CDEF5B2BC83FFA3031086F6E191DA60C473",99,1,98,0,"belong;id;name;value",""
"jp-1.4.0","config_shiptalenttype","config_shiptalenttype.db","8C381B4E354FB48DD98784F5C704E3E2FFC8ED3592CC40ADEABCDB6C86E26BD8",6,1,5,0,"id;shiptypelist",""
"jp-1.4.0","config_ship_advance","config_ship_advance.db","A46E1F73A199A0C39D09D2A630BE5BAE967F82F1F9E6B44C6EE8B72CC4866AA8",3,1,2,0,"initial_level;max_level;unlock_num",""
"jp-1.4.0","config_ship_behaviour_and_camera_info","config_ship_behaviour_and_camera_info.db","7271EF2EC01EE74DBFA635E560ECF810315C1C7B379F722CBC2C8E581B8C1E30",553,1,552,0,"anim_voice_access;be_formula;behavior_time;behaviour_info_group;camera_info_group;caption_access;combat_resources;countenance_resource;cv_cutoff;duration;s_id;shader_Controller;ship_id;shock_time;transition_meltdown;use_state;vibration_time;voice_access",""
"jp-1.4.0","config_ship_break","config_ship_break.db","70742DC3B32A0292269B4719D153445739E6B5778CCCEEC15DC157CCEA8F8E58",5357,1,5356,0,"break_item;break_item_mub;break_item_optional;break_to;break_usableitem_mub;currency_cost;desc;min_level;name;remould_item;remould_to;sb_id;ship_break_effect_id_list;value_effect_id_list;value_effect_power_list",""
"jp-1.4.0","config_ship_break_effect","config_ship_break_effect.db","4C8094152FB26078644222312EBEA04EEE7381E0703827BFDD89A7E66A84356B",97,1,96,0,"desc;id;method;type;value",""
"jp-1.4.0","config_ship_class_index","config_ship_class_index.db","FEE58BBCA9FE33BD17396965ADDE7DF1B9072799B6A237FC03EB16C404E11A35",79,1,78,0,"id;ship_class;ship_speed",""
"jp-1.4.0","config_ship_combat_effectiveness","config_ship_combat_effectiveness.db","BB3A676DAC8C50A8315DE1DE6F9B6729C57F9BB3365A2DA7780E4059E5040222",12,1,11,0,"attack;defense;hp;id;plane_air_control;plane_bomb_attack;ship_air_control;ship_bomb_attack;ship_type2;speed;survival_factor;to_air_attack;torpedo_attack;torpedo_defense",""
"jp-1.4.0","config_ship_consumption","config_ship_consumption.db","0C47893B3DE31EE065E2D8CE12E5C8DCD0231A2812F246B72192B04BCBB7E018",1963,1,1962,0,"*;ammo;fuel;repair_item;sc_id",""
"jp-1.4.0","config_ship_damage_coefficient","config_ship_damage_coefficient.db","E9A91C4175FF1F2615D721EF1574AC55A5D55D2FB0B015D31EC6A19C4B7E969B",43,1,42,0,"air_coefficient;clamp;environment_type;main_gun_coefficient;ship_type;sm_id;torpedo_coefficient;vice_gun_coefficient",""
"jp-1.4.0","config_ship_dressup","config_ship_dressup.db","57EA0DACE9D401684A53DA0466B79278D7ECDCF675454D26822A56908637086A",762,1,761,0,"battle_effects;battle_hide;home_hide;id;marry_hide;normal_effects;settlement_hide;ship_change_parts;ship_name;ship_parts_adress;ship_parts_adress_home",""
"jp-1.4.0","config_ship_enemy","config_ship_enemy.db","A52F5680EE3A75EB11AE5A91405734C63A1E3A11A8C4CE2E3200C95B29C3A7DD",11027,1,11026,0,"angle_speed;anti_crit;attack;backup_plane_count;basi_id;battle_angle_speed;carry_plane_count;chase_speed;conversion_blood_loss;crit;damage_coefficient_of_special_air;damage_coefficient_of_special_maingun;damage_coefficient_of_special_torpedo;defense;dodge;fail_score_percent;fate;hit;hp;id;isonlyspecial;large_blood_loss;level;lighting_shells_available;main_gun_available;main_gun_cd;main_gun_range;main_gun_target_num;medium_blood_loss;name;number_of_special_air_attacks;number_of_special_maingun_attacks;number_of_special_torpedo_attacks;patrol_speed;plane_bomb;plane_health;plane_target_num;plane_to_air;plane_torpedo;projectiles;projectiles_cd;pskill_id_array;safe_score;second_gun_available;ship_air_control;ship_bomb_attack;ship_country;ship_info_id;ship_torpedo_attack;sink_blood_loss;small_blood_loss;special_air_range;special_maingun_range;special_projectiles;special_projectiles_count;special_projectiles_times;special_torpedo_range;specialship_id;specialship_type;specialstrategy;speed;st_id;to_air_attack;to_torpedo_attack;torpedo;torpedo_available;torpedo_defense;torpedo_num;torpedo_target_num;type;view_range;voyage",""
"jp-1.4.0","config_ship_equip","config_ship_equip.db","7B46F74848CE0782540EAEF44A6DC4FCE58E066389DE1CF049CFFDBA77860412",4883,1,4882,0,"equip_attr_condition;equip_attr_num_1;equip_attr_num_2;equip_attr_num_3;equip_attr_num_4;equip_attr_num_5;equip_attr_num_6;ewt_ids;plane_number;recommend_equip;se_id",""
"jp-1.4.0","config_ship_exp_item","config_ship_exp_item.db","3146154CFE2F7720EAAB8BA0CE7080C06766999B53508058EC4F3693D8718FC7",7,1,6,0,"description;drop_path;exp;icon;id;level_limit;name;quality;ship_country;ship_type",""
"jp-1.4.0","config_ship_fleet","config_ship_fleet.db","1CFD18C4E6898E49FC536017517E8402AB63C15B720802BCE2E37E5E6A46E8DB",383,1,382,0,"air_defence;break_num;cannot_marry;combination_open;common_break_item;equip_fashion_type;forbidden_id;gun;id;init_star;is_open_fashion;lock_type;maneuver;max_star;plane;plot_cover;power_type;remould;remould_icon;remould_num;same_character;sf_special_bgm;ship_name;survival;torpedo;valentine_gift",""
"jp-1.4.0","config_ship_forbidden","config_ship_forbidden.db","48140ED366DE6A776EAA2136CF164FD6D51434B124836DBB0E8BAD0486F09C5C",3,1,2,0,"forbidden_condition;forbidden_tips;forbidden_type;id",""
"jp-1.4.0","config_ship_formation_coefficient","config_ship_formation_coefficient.db","3677CED3BF777636F774D2F8EB583FED166821CB39A4893CF19B22D39C74ABF5",81,1,80,0,"formation_id;prop_id;stpc_id;value_coe;weather_type",""
"jp-1.4.0","config_ship_gained_way","config_ship_gained_way.db","AD280696ADBC8FD64CBC7A88555833165E8278D1EA7950AB2A0696C2295A1891",98,1,97,0,"gained_way;id",""
"jp-1.4.0","config_ship_handbook","config_ship_handbook.db","8936EDB95C74F55E9940F9E0875A0F4DC138DD83EC1E9C248FB26D81FEEF9C62",222,1,221,0,"activatetime;activity;air_defence;enter_wish_time;gun;id;is_wish;magazine_tag;maneuver;plane;pskill_show_id;quality;ship_character_voice;ship_country;ship_data_id;ship_name;ship_order;ship_recommend;ship_setting;ship_skill;ship_type;ship_voice_tag;show_state;show_tag;survival;torpedo;type;wish_activatetime;word_gained;word_reconmend",""
"jp-1.4.0","config_ship_hp_prop_change","config_ship_hp_prop_change.db","4EF411F3646138CFC78AB45BC43D8509F7924CC21FAD197D1EF6B4E0117944CD",181,1,180,0,"hp_state;prop_id;stid;stpc_id;value_coe;weather_type",""
"jp-1.4.0","config_ship_hp_state","config_ship_hp_state.db","FD66D5527C467444A52F084F51446734E083752E1977AEAF44B21A87F23841DF",6,1,5,0,"desc;enum_name;hp_min_percent;id",""
"jp-1.4.0","config_ship_info","config_ship_info.db","6B295064C7B00FB9B7C7A15BBC40C6A719CF79CBA38BFD8AAA2200B1A21B24D1",1491,1,1490,0,"attr_dock_show;attr_type_show;build_time;constellation;equip1;equip2;equip3;equip4;equip5;equip6;initial_ship_main_id;max_ammunition;max_gasoline;min_level;quality;remould_item;remould_level;remould_skill;remould_template;sf_id;ship_country;ship_handbook_id;ship_name;ship_type;si_id;vow_item_mub;vow_item_num_mub",""
"jp-1.4.0","config_ship_levelup","config_ship_levelup.db","DBC3A180288B4D9E2E705571157275C7B9813FBC57B80AB33B72833FF5163590",101,1,100,0,"attribute_level;exp;level",""
"jp-1.4.0","config_ship_levelup_mub","config_ship_levelup_mub.db","F840F823E627D8F14074AE0460D37478C16F8841D7F14CC04AE3459D21E1305C",101,1,100,0,"attribute_level;exp;level",""
"jp-1.4.0","config_ship_main","config_ship_main.db","B58FECDBDCCD9C7ECC55CD551E38E6990D7ADBA0AFAC2517E7078655400F68C0",4889,1,4888,0,"airAttack_stg_id;air_combat_coefficient;angle_speed;anti_crit;antisubmarine;antisubmarine_levelup;attack;attack_levelup;attack_ship_coefficient;backup_plane_count;battle_angle_speed;break_down_get;break_level;carry_plane_count;character;characterlevel;charactermaxlevel;condition_activate_talent_id;crit;defense;defense_levelup;direct_activate_talent_id;dodge;drop_path;extract_get_exceed_count;extract_get_exceed_reward;extract_reward;fate;favorite_gift;fire_coefficient;fixed_money;hit;hp;hp_levelup;level_value_effect;main_gun_available;main_gun_cd;main_gun_range;main_gun_stg_id;match_value_group;not_match_value_group;opentorpedo_projectiles;param_list;plane_bomb;plane_health;plane_to_air;plane_torpedo;projectiles;pskill_show_id;pskill_sp_talent_id;script_list;second_gun_available;ship_air_control;ship_air_control_levelup;ship_bomb_attack;ship_bomb_attack_levelup;ship_class;ship_info_id;ship_levelup_max;ship_tag_array;ship_torpedo_attack;ship_torpedo_attack_levelup;ship_type2;ship_weapon;sm_id;speed;speed_show;st_id;submarine;submarine_levelup;supple_cost;to_air_attack;to_air_attack_levelup;to_torpedo_attack;to_torpedo_attack_levelup;torpedo_attack;torpedo_attack_levelup;torpedo_available;torpedo_coefficient;torpedo_defense;torpedo_defense_levelup;torpedo_num;torpedo_range;transform_id;transform_list;unlock_item;view_range",""
"jp-1.4.0","config_ship_max_power","config_ship_max_power.db","0F2241257F024D2D481F38CE8BB3C70FE02C0649B6F22E5C5E81429135AA5D81",5327,1,5326,0,"level_value_effect;max_power_prop;param_list;script_list;smp_id",""
"jp-1.4.0","config_ship_model","config_ship_model.db","B1D3827F6F37CF8D8A94DB34A7A2AD39BC2F98EF14AF8B8BD13C1D0FA3A4792B",477,1,476,0,"animoji_switch;ar_sec_clear;build_shot;camera_target;cv_resources;head_type;hide_incamera_radius;hit_miss_camera_path;model;model_high;nude_type;offset_position_x;offset_position_y;offset_position_z;position_y_bathroom;scale_bathroom;ship_name;show_incamera_radius;sink_camera_path;sm_id;standard_bathroom;standard_dapo;standard_normal",""
"jp-1.4.0","config_ship_model_animation","config_ship_model_animation.db","149D4B66E58B4BEFD42D5EB5C6AFBA9DB0E071C53F6A4BB3BBD3F1E9D2B55093",717,1,716,0,"animLength;animName;id;is_battle;modelName",""
"jp-1.4.0","config_ship_model_facial_animation","config_ship_model_facial_animation.db","4FDD4FDE933B6370B0DAAAB3EEEF1BF5304C98F792A9823C4492E7591AFE085E",816,1,815,0,"animLength;animName;id;is_battle;modelName",""
"jp-1.4.0","config_ship_model_look_camera","config_ship_model_look_camera.db","9832A1FFB81C8A7361FF84671B49AE26F83DF6CC25C059D4CA4BB6111212E290",15,1,14,0,"camera_index;camera_path;camera_target;model;offset_euler_x;offset_euler_y;offset_euler_z;offset_position_x;offset_position_y;offset_position_z;ship_name",""
"jp-1.4.0","config_ship_need_power_exp","config_ship_need_power_exp.db","9108BE856EECC3B061498084DD33D16057BD7FE3F96B37BF4FDB09A4811F1760",4895,1,4894,0,"enhance_type;need_power_exp;snp_id",""
"jp-1.4.0","config_ship_perform_limit","config_ship_perform_limit.db","4CEF0014777CF98D0EA185220F38E77356A583BB510880960B9223C4AB64159B",12,1,11,0,"id;ship_type;value1_max;value1_max_evaluation;value1_min_evaluation;value2_max;value2_max_evaluation;value2_min_evaluation;value3_max;value3_max_evaluation;value3_min_evaluation;value4_max;value4_max_evaluation;value4_min_evaluation;value5_max;value5_max_evaluation;value5_min_evaluation;value6_max;value6_max_evaluation;value6_min_evaluation",""
"jp-1.4.0","config_ship_perform_mark","config_ship_perform_mark.db","C917189CDC40B98968D0FF1F2903C2671DB69101CF967D6024A0C5B9E63B1424",7,1,6,0,"id;level;max_value;min_value",""
"jp-1.4.0","config_ship_position","config_ship_position.db","7CF1E28D5FBAA0CF937CFE6C165C0034160A0B79739FE37E5A54FE2298353998",799,1,798,0,"affection_inversion;affection_position;affection_scale;character_story_inversion;character_story_position;character_story_scale;cutin_inversion;cutin_position;cutin_scale;draw_inversion;draw_position;draw_scale;fashion_inversion1;fashion_position1;fashion_scale1;fashion_shop_inversion;fashion_shop_position;fashion_shop_scale;item_selected_inversion;item_selected_position;item_selected_scale;model_position;recommend_inversion;recommend_position;recommend_scale;resume_inversion;resume_position;resume_scale;sf_id;ship_inversion1;ship_inversion2;ship_inversion3;ship_name;ship_position1;ship_position2;ship_position3;ship_scale1;ship_scale2;ship_scale3;ship_type;si_id;support_fleet_inversion4;support_fleet_position4;support_fleet_scale4;wish_advance_inversion;wish_advance_position;wish_advance_scale",""
"jp-1.4.0","config_ship_provide_power_exp","config_ship_provide_power_exp.db","76B356A4CFA00001C8DF45E3A7B99FE3028279FBF1FDEE8804E10FFF6D323063",5357,1,5356,0,"provide_power_exp;sppe_id",""
"jp-1.4.0","config_ship_remould_effect","config_ship_remould_effect.db","007B544988E3E60B92261CD64F60F45F7472A51F10A676782520F81FCF26DB1F",888,1,887,0,"connect_rotation;connect_type;cost;desc;icon;id;limit_level;limit_star;lock_icon;name;position;remould_effect_type;remould_prev",""
"jp-1.4.0","config_ship_remould_show","config_ship_remould_show.db","73951AFF64A77C762A42C29365C1A498D2A111DC4A266F23C2A21BA2D640D0CF",5,1,4,0,"animation;id;model;model_position;model_scale",""
"jp-1.4.0","config_ship_remould_template","config_ship_remould_template.db","810D87A033BCFFFFEE228F3FFCEAE8E687CF5AD1D4E61FA1DC57BAFE5D8B174D",70,1,69,0,"complete_icon;desc;id;lock_icon;remould_item_group;res;select_icon;uncomplete_icon",""
"jp-1.4.0","config_ship_show","config_ship_show.db","931AE6EDAF04A7501C4A07BBF4B415FCB95C986BCCE9C58F3FB7FD436CEE12A9",1434,1,1433,0,"building_model;constellation;cut_in_head;cut_in_icon;desc;info;model_id;model_radius;plane_air_equip_id;plane_bomb_equip_id;plane_torpedo_equip_id;profilelist;quality;sf_id;ship_battle_hp_state;ship_behaviour;ship_character;ship_country;ship_draw;ship_draw_black;ship_draw_po;ship_icon1;ship_icon1_back;ship_icon1_po;ship_icon1_po_back;ship_icon2;ship_icon2_black;ship_icon2_po;ship_icon3;ship_icon3_po;ship_icon4;ship_icon4_po;ship_icon5;ship_icon6;ship_icon6_po;ship_icon7;ship_icon7_po;ship_icon_animoji;ship_icon_bathroom;ship_icon_search3d;ship_name;ship_type;skill_airAttack_eb_id;skill_airBomb_eb_id;skill_airSearch_eb_id;skill_airTorpedo_eb_id;skill_torpedo_eb_id;ss_id",""
"jp-1.4.0","config_ship_talent_activate_condition","config_ship_talent_activate_condition.db","CDA181E4F281462805039EE8E01B6508DDAAE07EDBDF73FAFABA2BA2A4A9DCC1",8,1,7,0,"client_ignore;condition_name;id",""
"jp-1.4.0","config_ship_talent_desc","config_ship_talent_desc.db","29827E729EC6C9CDAC2ABBE9D6B5D60B2A1FFA06398710F7A3B81500D728402C",11,1,10,0,"desc;id",""
"jp-1.4.0","config_ship_talent_upgrade_exp","config_ship_talent_upgrade_exp.db","1A9DAAA7CCBE9F9A3DE926DB2C762DFEAA04A4C5D242C11E6F7027C505C07469",21,1,20,0,"exp;level",""
"jp-1.4.0","config_ship_talent_upgrade_item","config_ship_talent_upgrade_item.db","3F6C8FA72686A9206956D790A60F4CDAA928AFB9D378E308A78D8A1E7F67FBE0",1,1,0,0,"",""
"jp-1.4.0","config_ship_transform_effect","config_ship_transform_effect.db","C3C98A1FA22D44F900E149A9D27288750B6E33A937918B59455361B614616CC5",6,1,5,0,"cost;cost_ship;desc;effect;id;last_id;limit;name",""
"jp-1.4.0","config_ship_type","config_ship_type.db","DA3143553E138CE313955C6D563B3F24471F39154CE98EFB9135A97C68EC3904",24,1,23,0,"defult_range;desc;enum_name;father_type;icon;id;name;safearea_quickbattle_languageId;wordsimage",""
"jp-1.4.0","config_shop","config_shop.db","77D6D51C3F64069DBC5A7CE6986C1CD8F664285631265ADC61904247CFDE7E98",203,1,202,0,"activatetime;activity_id;bg;cumulate_times;currency_show;currency_type;dependence_id;display_type;fun_type;functionid;grid_count;help;icon;icon_select;id;init_times;is_hide;is_random;jump_shop_id;level_deblocking;limit;max_count;name;open_period;open_period_area;open_type;order;platform;price;quick_buy;recovery_time;red_dot;refresh_time;shelf;shelf_list;shop_type;sold_out;time_after_server_start;unlock_before_shop_id",""
"jp-1.4.0","config_shop_goods","config_shop_goods.db","AE51623E5E14DFAD49C4FC0BF3D9FEBE5F98F6F7AC3B5324FD460368EB01194F",3147,1,3146,0,"activatetime;buy_limits;buy_type;count_refresh;cur_relation;currency;discount;goods;goods_visible;icon;id;is_buy_batch;language_id;last_id;level_deblocking;manual_refresh_stock;name;new;open_limit;period_buy;period_show;price;price1;price2;random_limits;recharge_id;recommend_weight;shelf_id;show_limit;stock;stock_period_max_count;undercarriage;weight",""
"jp-1.4.0","config_skill","config_skill.db","F539B6B55428E6A9916099FA9BC846447E19012EC6C9604A8D35CF45D8B75EF1",8041,1,8040,0,"anim_project_group;anim_project_group_start_time;before_bac_use_state;behit_effect_bind_id;diff_name;hit_skill_anim_detail_id;normal_bac_use_state;qishe_camera_group;release_group_id;s_id;search_plane_delay;ship_id;simple_behit_effect_bind_id;skill_anim_type;skill_camera_group;skill_effect_bind_id;skill_effect_start_time;start_skill_anim_detail_id",""
"jp-1.4.0","config_skill_anim_detail","config_skill_anim_detail.db","5DC65D7E5A682D2BBD0BE053230D324F5A064400B8BC64C0DAC71314FCE980CD",1821,1,1820,0,"action;action_queue;action_type;args1;camera_target;camera_type;duration;group;id;target_offset",""
"jp-1.4.0","config_skill_anim_detail_action_type","config_skill_anim_detail_action_type.db","AF3CB23FDC4E06D311B63AC975BC68AEF1211E2EEA7480639BBE60393959778E",26,1,25,0,"desc;enum_name;id;params1;params1_content1;params1_content2;params1_content3;params2;params3;params4;params5;params6",""
"jp-1.4.0","config_skill_anim_detail_base_group","config_skill_anim_detail_base_group.db","F265F08A965F4EBBD75C2D6403A3B0AEC64A26BD59705DBF86AC1CEF418A1262",89,1,88,0,"base_group_id;has_simple_behit;normal_group_id;normal_group_limit_id;normal_hit_limit_id;pip_group_id;pip_has_hit;simple_group_id",""
"jp-1.4.0","config_skill_anim_detail_camera_target","config_skill_anim_detail_camera_target.db","2F2A66E1345BC8E85CCB32B5BC1AA0DC5725CFB2F0F72953587425081B83D8E9",19,1,18,0,"desc;enum_name;id",""
"jp-1.4.0","config_skill_anim_detail_group","config_skill_anim_detail_group.db","4128E29DB44726C0FF17209BD59EA7185151ADC0DAF9D8A7212587ED8B78A4F6",741,1,740,0,"anim_speedup;group;skip_next_group",""
"jp-1.4.0","config_skill_anim_detail_group_count","config_skill_anim_detail_group_count.db","18C43735B8A67745D4820F2B3BA11C5769ADF45D12BE5BE0EBBDF09AA908CFF6",40,1,39,0,"anim_class;diff_name;skill_anim_group;skill_anim_type;sta_id",""
"jp-1.4.0","config_skill_anim_detail_ios","config_skill_anim_detail_ios.db","5DC65D7E5A682D2BBD0BE053230D324F5A064400B8BC64C0DAC71314FCE980CD",1821,1,1820,0,"action;action_queue;action_type;args1;camera_target;camera_type;duration;group;id;target_offset",""
"jp-1.4.0","config_skill_anim_detail_type","config_skill_anim_detail_type.db","EB767D12D2DB361514E52F9059BB14078FE626ED40BDBD650769B8E0420160D2",22,1,21,0,"desc;enum_name;id",""
"jp-1.4.0","config_skill_anim_project","config_skill_anim_project.db","E979AA51D036CAC75D9E2C02C2D76369185FA3BCF753FB36D55F96C72F64323A",674,1,673,0,"diff_name;enter_water_effects;group;path;sap_id;skill_project_duration;skill_project_fly_time;skill_project_ids;skill_project_start_time;skill_project_type;skill_project_type2",""
"jp-1.4.0","config_skill_anim_type","config_skill_anim_type.db","1ECFAF07752644A03D5A05E10213D669592E5ECB93BDAAAD61224A69E32B748C",18,1,17,0,"desc;diff_name;enum_name;id",""
"jp-1.4.0","config_skill_be_hit","config_skill_be_hit.db","5603C80D009D04BFF165A48A7612D6357D42F58180F3875A366956D3AB7046BA",1761,1,1760,0,"bac_use_state;bac_use_state_bk;behit_bind_type;behit_duration;behit_effect_bind_id;behit_effect_id;behit_hp_state;camera_info_group;camera_info_group_bk;cutin_right_camera_info_group;damage_type;hdr_duration;poke_duration;poke_start_time;poyi_shake_duration;poyi_shake_speed;poyi_shake_strenth;poyi_start_shake_time;s_id;screen_fxpro_duration;screen_fxpro_start_tiem;ship_id;show_damage_switch;show_damage_time;ui_idle_show_camera_path;ui_show_camera_path",""
"jp-1.4.0","config_skill_be_hit_boss_sink","config_skill_be_hit_boss_sink.db","67A0E6115B0F505E6CF23C284ECB9217EBAED03C12D5BBF88732E12AF94A7382",4,1,3,0,"detail_anim_group_id;s_id;ship_info_id;sink_state",""
"jp-1.4.0","config_skill_be_hit_order","config_skill_be_hit_order.db","C66342E1AED4C4074F3A5E7EC427ED25DC8592B7EDF335FD51E9EE3CB00E4089",6,1,5,0,"behit_bind_types;order;s_id;ship_id",""
"jp-1.4.0","config_skill_common_condition","config_skill_common_condition.db","045FC37258E322ED2F32EA902B1009A596EA66D908BB402A89209344F152346D",286,1,285,0,"battle_weather;id;min_hp_state;player_type;ship_type;skill_type",""
"jp-1.4.0","config_skill_fashion","config_skill_fashion.db","766953C1EA614D0E06E9EAAA17DB46839F14E2F777B412246AC2F724AD25779C",72,1,71,0,"equip_fashion_show_type;equip_wear_type;gunbattle_hit_skill_anim_detail_id;gunbattle_start_skill_anim_detail_id;search_hit_skill_anim_detail_id;search_start_skill_anim_detail_id;show_picture;skill_anim_eb_id;skill_fashion_id;skill_fashion_name;srp_effect_id;trap_ste_id;weight",""
"jp-1.4.0","config_skill_release","config_skill_release.db","9BDBDF4E552C48D199A48D1E1CF730FB088DE1D6892D26C175BA2F377DAB54EF",1347,1,1346,0,"release_group_id;release_project;release_time;release_type;select_target_type;sr_id",""
"jp-1.4.0","config_skill_release_project","config_skill_release_project.db","6038460CE7ADFBCB99B64259D8C45B8C9492CF676A582A91AE52D88127D3F0EC",94,1,93,0,"acc_gravity;acc_speed;collide_bind_paths;collide_type;curve_type;curve_w2h;effect_id;hit_effect_id;init_bind_path;init_center;init_offset_x;init_offset_y;init_offset_z;run_type;speed;srp_id;target_center;target_offset_x;target_offset_y;target_offset_z;target_random_offset_x;target_random_offset_y;target_random_offset_z;time",""
"jp-1.4.0","config_skill_torpedo","config_skill_torpedo.db","E7399E7E5B3437F8439F152137F70C38CBC6D78D679423DC168903CECD85AB87",20,1,19,0,"angle;persuit_time;radius;speed;stg_id;torpedo_range;trap_count",""
"jp-1.4.0","config_skill_trap_effect","config_skill_trap_effect.db","466861119B12EA24CAB73C186B2632A47FF01AEE5704966B47DDA83DAC5BDC5B",196,1,195,0,"fill_prefab_path;hit_prefab_path;ste_id;trigger_prefab_path",""
"jp-1.4.0","config_skill_trap_group","config_skill_trap_group.db","60DA480DEEB62F25CD09B0FAFF5B555CBC3305AD70E4213429C600446E538BDE",387,1,386,0,"begin_scale_percent;create_range_max;create_range_min;create_type;fill_time;move_type;persuit_time;scale_could_move;scale_time;skill_type;speed;stg_id;trap_group_type;trap_items",""
"jp-1.4.0","config_skill_trap_item","config_skill_trap_item.db","C4BECE8F2DD9A9E22FF22461D08E399A0657C42AA94C310BE1F3BD32FC0B7FE1",240,1,239,0,"delay_time;euler_delta;pos_x;pos_y;scale_shift;select_weight;shape_param;shape_type;ste_id;sti_id;svte_id",""
"jp-1.4.0","config_skill_trap_ratio","config_skill_trap_ratio.db","06DEDE387F87117845403F8177DA9D5ECE0D44A6BCEC1FCDB1676D3B9D84C6A3",38,1,37,0,"left_euler;right_euler;str_id;weight",""
"jp-1.4.0","config_skill_trigger","config_skill_trigger.db","F2CFA0A0167406B928B91C5257C947136DCE7177812B349D335193EC8EF3309A",33,1,32,0,"skill_type;st_id;stg_id;trigger_cd;weight",""
"jp-1.4.0","config_skill_trigger_group","config_skill_trigger_group.db","BA27BD73F9DC48E8C2778697BD7C9723D67B93E170A5D1498D22334BEF93E04D",33,1,32,0,"create_pos_type;fill_prefab_path;follow_target;hit_prefab_path;move_euler_speed;move_speed;range;shape;shape_num;shape_scale_min;shape_scale_time;shape_size;stg_id;trigger_prefab_path;trigger_time;wait_time",""
"jp-1.4.0","config_skill_trigger_range","config_skill_trigger_range.db","39F898EA20EE76DDAA5379FE61BDE7FE16A8550FA828D66BA101D86F5A06F33F",1,1,0,0,"",""
"jp-1.4.0","config_skill_type","config_skill_type.db","E9AFFFB546D24A5EC478856B990D5F0A73F131C8805DED4050E171ED19FFB032",8,1,7,0,"desc;enum_name;id;weight",""
"jp-1.4.0","config_skill_type_anim","config_skill_type_anim.db","BD51350371FDBE186D34437C4D8AC6013006B42A33D1C8FBCDF743C894F4288C",19,1,18,0,"anim_class;common_camera_index_miss;diff_name;skill_anim_group;skill_anim_hit_camera_zoomin;skill_anim_type;sta_id",""
"jp-1.4.0","config_specialdraw","config_specialdraw.db","F7B6482DF4E29636E47E958CA7450D70E4A07D92AB2D7E5CAB10A7840E45A6AE",432,1,431,0,"close_script;close_script_param;cycle_param;cycle_type;drop_item;enter_reset_type;id;max_show_num;priority;probability_script;probability_script_param;reset_ssr_type;ssr_reset_num;type;weight",""
"jp-1.4.0","config_special_buff","config_special_buff.db","94734A9426DB10840722A52B501F4D6C775B70F10AC1B86F999D1BE44B8F9BC5",4,1,3,0,"id;language_id;name",""
"jp-1.4.0","config_sportsmeet_achieve","config_sportsmeet_achieve.db","3A013C6D18A2AB6551C53FF8FDE95438E45C084EF468BBB9BE6AFAFE1EAF2AA2",19,1,18,0,"achieve_type;activity_id;copy_id;desc;goal;id;reward;sport_type;title",""
"jp-1.4.0","config_sportsmeet_award","config_sportsmeet_award.db","9491AA5D0294B8BD8DEA29642F75CC7C4E14236B44AB853E09C96B6A741E4132",23,1,22,0,"hot_point;id;rewards;score",""
"jp-1.4.0","config_sportsmeet_rank","config_sportsmeet_rank.db","7BED951E5D056EF7B9BEFD943A3F907FE92CCCC03843D55B055EEBE6BB7AD73C",34,1,33,0,"activity_id;copy_id;id;range;range_desc;rank_pic;rank_reward;rank_reward_curren;sport_type",""
"jp-1.4.0","config_sportsmeet_score","config_sportsmeet_score.db","791DC680E982E5AC87926548EB746044183328AB8E39EE3DCBCC5E8560D5FF40",13,1,12,0,"desc;id;if_rank;score;score_type;sport_type",""
"jp-1.4.0","config_sp_settings_dict","config_sp_settings_dict.db","C6E7B870261F77DB1B9DED36704A8B9CF81F6C1D8CC60607ED441A3D5FCA600F",4,1,3,0,"id",""
"jp-1.4.0","config_sp_settings_fleet_dict","config_sp_settings_fleet_dict.db","1AA789F1AB7842B429484FC03843FC1F9194894DA813758EC03C022FBB800EAF",4,1,3,0,"id;sp_setting;sp_setting_copy_id;sp_setting_fleet_id",""
"jp-1.4.0","config_stage","config_stage.db","94DBA45A86E01F8975FF5633FF40E5339424B118769C9736E66AA9D2EA85ED41",303,1,302,0,"id;max_safe;safe_area;safe_area_score;safe_condition;safe_effect;safe_effect_desc",""
"jp-1.4.0","config_starbox","config_starbox.db","536E93775DBA19C67F24F0244309DCCE7FE2AC71C69F95C7AFD3EA648EBA73E9",10,1,9,0,"id;open_effect;open_icon;positionx;positiony;recieved_icon;unopen_icon",""
"jp-1.4.0","config_strategy","config_strategy.db","8E98A2BB3D3CC3EBBA8ECC0D6F2E931899F3C8623D0CF6F0F673164E26DF061D",18,1,17,0,"activation_cost;id;lineup;num_add;order;recommend;skillgroup1;skillgroup2;skillgroup3;skillgroup_pos1;skillgroup_pos2;skillgroup_pos3;skillgroup_pos4;skillgroup_pos5;skillgroup_pos6;strategy1_condition;strategy2_condition;strategy3_condition;strategy_ai_id;strategy_ai_priority;strategy_dec1;strategy_dec2;strategy_dec3;strategy_flag;strategy_icon;strategy_limit_p1;strategy_limit_type;strategy_name;talent_type;tip;tip1;tip2;tip3",""
"jp-1.4.0","config_supply_get","config_supply_get.db","41DE83DC34D0EE183EFA0CC85144CCD77EDFCE0EE5595C09FCF9D3CDF1333403",3,1,2,0,"diff_name;id;reward;time",""
"jp-1.4.0","config_support_effect","config_support_effect.db","68B00A716690321DD1E2C7A4E9D83D57D817E70E703323B0B48860E85293E170",13,1,12,0,"effect_name;effect_type;id;parameter1;parameter2;parameter3;support_id",""
"jp-1.4.0","config_support_fleet_item","config_support_fleet_item.db","5893D9330EA7F9F4E82AB2EA33A146C4D8BBEAE925F10205EE6D4F1639B04120",30,1,29,0,"at_least_number;base_award;big_sucess_base_award;big_sucess_extra_drop_id;big_sucess_ratio;complete_item;condition_add;condition_add2;consumption;description;extra_drop_id;get;group;icon;id;name;quality;ship_id_available;ship_num_limit;ship_types_available;ships_available;ships_recommend_type;support_fleet_average_level_min;support_fleet_few_level_min;time;use_count",""
"jp-1.4.0","config_support_fleet_recommend","config_support_fleet_recommend.db","628C1909FA5E79B5ED40BB580DC402D74B357DC50314834269B883371F4A8849",2,1,1,0,"duplicate_removal_rule;id;occupy_include;select_range;sort_rule",""
"jp-1.4.0","config_support_time","config_support_time.db","B8060D1376ECC34AEA02698F3459B442C3975CCFA74A3ADD34961AE5124ADF64",3,1,2,0,"desc;enum_name;id",""
"jp-1.4.0","config_support_type","config_support_type.db","4698C44BE7774BE56BC79AFACBB452D542BBAE3CCCB6E497C22BD2D335EF557F",3,1,2,0,"desc;enum_name;id",""
"jp-1.4.0","config_system_info_text","config_system_info_text.db","EEE530E4EECA4D5CEAEE4CD905FEE33D8D530755BF0F9F65F96CD392C9FED2B5",15,1,14,0,"beizhu;btn_img1;btn_img2;btn_num;btn_txt1;btn_txt2;content;infoId;priority;style;title_chi;title_eng",""
"jp-1.4.0","config_table_index","config_table_index.db","E94999C1E99263C9766E6376D603E2017FE91A5AFE91E90D42B6734159A3E29A",27,1,26,0,"bag_index;file_name;id;name",""
"jp-1.4.0","config_talent","config_talent.db","3F7E668CC20F1A7E051E2793CC83E4DCC338C2A430F9FA54654422EDFAC7F669",1078,1,1077,0,"belongtalent;desc;icon;iconcheck;iconmax;id;levelup;name;nexttalent;positioninfo;precondition;specialtalent;talenteffect;talenticon;type",""
"jp-1.4.0","config_talentcondition","config_talentcondition.db","3AA94210F57717FB07854726346B4B32E2147A29A5E6EEC7420DC48310DDFE24",215,1,214,0,"desc;id;p1;p2;p3;p4;type",""
"jp-1.4.0","config_talenteffect","config_talenteffect.db","7BC3635F8CD4AD93A5705C1935F8E453EE5471991325C87B711C59F716B2F555",131,1,130,0,"id;p1;p2;p3;p4;type",""
"jp-1.4.0","config_talentmain","config_talentmain.db","12203E10A60C53714934BE12A2E99F7DC23C1B4CDFCCA1CF1564090824AB3D89",6,1,5,0,"background;id;name;talentlist",""
"jp-1.4.0","config_task_activity","config_task_activity.db","4B48BB029447C251F70C43BC0DDF8189A130470A23FD393AEA070ABFF7CB7131",2415,1,2414,0,"accumulate;activity_id;auto_send;count_type;desc;desc_language;drop_id;go_up_to;go_up_to_parm;goal;hide;id;label;last_task;last_task_client;last_task_receive;order;period;period_area;period_list;period_list_area;refresh_id;rewards;show_reward_num;show_rewards;title",""
"jp-1.4.0","config_task_daily","config_task_daily.db","FF3368856923B0834C41E7F0E9002FB419F6E39AEA629664788B8BF24D82935F",25,1,24,0,"copy_display_id;count_type;desc;function_id;go_up_to;goal;id;next_task_id;order;player_level_max;player_level_min;reward;reward_limited;reward_limited_period;rewards;title",""
"jp-1.4.0","config_task_grow","config_task_grow.db","2287E0B2E45B4A0D019A2537A550D5278133A048E50DEF633347FE8E7A013C18",243,1,242,0,"abandoned;copy_display_id;count_type;desc;function_id;go_up_to;goal;id;next_task_id;order;player_level_max;player_level_min;rewards;title",""
"jp-1.4.0","config_task_guild","config_task_guild.db","B8CC5EF84D273806891ED9008FD30B1C4CED2BF0A478173667C111E97172FA4A",103,1,102,0,"auto_reject_time;count_type;desc;drop_show_id;extra_reward;extra_reward_desc;extra_reward_ship_condition;extra_reward_ship_num;go_up_to;goal;guild_exp_rewards;guild_finish_num_max;guild_finish_num_min;guild_rewards;id;max_apply_num;max_player_goal_num;order;per_contr_num;player_level_max;player_level_min;player_rewards;title;type;weight",""
"jp-1.4.0","config_task_guildoffer","config_task_guildoffer.db","7652C3B1B92FC1866DD6048A1CEE6AC7BA5A168918DEE6422413FC41C6533E36",35,1,34,0,"applynum;count_type;desc;goal;id;limittime;order;quality;qualitybg;score;type;weight",""
"jp-1.4.0","config_task_magazine","config_task_magazine.db","100C96B843736A73FE5D5349ABCA14C49B2271604D760CE3086D447EDE69F7DB",344,1,343,0,"accumulate;auto_send;count_type;desc;desc_language;drop_id;go_up_to;go_up_to_parm;goal;id;last_task;last_task_client;last_task_list;magazine_id;magazine_page_id;order;period;period_area;period_list;period_list_area;refresh_id;rewards;show_reward_num",""
"jp-1.4.0","config_task_main","config_task_main.db","59D44507F8A922AF3D8F9B15284FE3E3B09BF104D784730DCB4DDB70A2ECF15C",175,1,174,0,"copy_display_id;count_type;desc;function_id;go_up_to;goal;id;next_task_id;order;player_level_max;player_level_min;reward;rewards;title",""
"jp-1.4.0","config_task_return","config_task_return.db","5780223AF0F1E89994AF1D5A546B9DDE6C02F896E99B21A1C4079792E2FE135C",43,1,42,0,"copy_display_id;count_type;desc;function_id;go_up_to;goal;id;next_task_id;order;player_level_max;player_level_min;rewards;title",""
"jp-1.4.0","config_task_reward_modify","config_task_reward_modify.db","FDC9DD220286D8B3782FBFFC2D5B35786508A575EFAA6208B934EDB423A2F18F",41,1,40,0,"id;rewards_modify",""
"jp-1.4.0","config_task_teaching","config_task_teaching.db","B14CF29DEFD6A3B60B9D8C591BB08329CDAB775A5611453F2102C3ECF68BF80B",105,1,104,0,"count_type;desc;go_up_to;goal;id;order;rewards;rewards_for_teacher;title",""
"jp-1.4.0","config_task_teaching_group","config_task_teaching_group.db","716D175DDB380BACD3C4A79646ADA7C66A127EA94E3F185E3F50054FD913D771",9,1,8,0,"desc;id;last_group_id;level;next_group_id;rewards;rewards_for_teacher;task_assess_id;task_daily_id;task_daily_limit;title",""
"jp-1.4.0","config_task_treaty","config_task_treaty.db","E91D127326AD4E650EF266F5077CD49BABBDACAF55191A54D0E28BD379286C55",7,1,6,0,"go_up_to;goal;id;order;rewards;title",""
"jp-1.4.0","config_task_weekly","config_task_weekly.db","9FE89E777919DA20A9D0CCA4B08E0C26B8DDA8F7AA28307A96C0EF36F31B0096",23,1,22,0,"copy_display_id;count_type;desc;function_id;go_up_to;goal;id;next_task_id;order;player_level_max;player_level_min;reward;rewards;title",""
"jp-1.4.0","config_teaching_achievement","config_teaching_achievement.db","7009CFA8C18FC912E6F604BB7CD6D9E00502235EE9E690F8B1D384563C4ECF00",10,1,9,0,"desc;id;level;name;next_id;prestige;rewards",""
"jp-1.4.0","config_teaching_assess","config_teaching_assess.db","B7099DDD395F6452A7E84562947A176EEB5103DD47E6ED498DA8A2B2C0316DF1",7,1,6,0,"id;range;student_reward;teacher_reward;tips;tips_icon",""
"jp-1.4.0","config_teaching_personal_info","config_teaching_personal_info.db","7750DD655599328643C053713405635F4020C776078AF049A276DAA49D8D6EBC",24,1,23,0,"group;icon;id;name;order",""
"jp-1.4.0","config_team","config_team.db","A6F554256CE6DB817BFD1EFB4C7A069D5685742E71A3463683C2617C29B4F88A",3,1,2,0,"chapterid;id;team_type",""
"jp-1.4.0","config_testship_reward","config_testship_reward.db","75029B78AFAF6C1E5E27A75E4291186620D95ABD4E6AE694CFBD31B2944AA682",3,1,2,0,"id;reward;task_point;task_point_total",""
"jp-1.4.0","config_testship_task","config_testship_task.db","3FCA05ED30A5C9F54C19A7A77129827F241BB604DEFF9D0E9FDEAC69E62B3040",42,1,41,0,"go_up_to;go_up_to_parm;id;task_goal;test_name;test_point;test_type;test_type_name",""
"jp-1.4.0","config_tower_activity","config_tower_activity.db","B759703CACEA23E216F8A63BF66C11A45B21AFA052C869070AC28D9C23D35AFC",2,1,1,0,"activity_id;battle_point_cost;battle_point_default;battle_point_min;id;load_copy;page_name;quick_copy_s;quick_pass;reset_buff_times;reset_period",""
"jp-1.4.0","config_tower_prop","config_tower_prop.db","A91958FE908176FCA13624F3DA9CF341556113257014CD4274BF602607961C10",14,1,13,0,"id;language_id;name;order",""
"jp-1.4.0","config_tower_topic","config_tower_topic.db","C9ACD8D4153E8E2463959D1A4830AF3EEC385C1D8917903B5F3F33BFD16F193A",19,1,18,0,"area_final_copy;copy_list;copy_list_name;features_list;id;image;name;tower_map;type",""
"jp-1.4.0","config_treaty_buff","config_treaty_buff.db","15F979D65B4FAD1EF24B1E320369F324DB698E7AAEC8FD69EF58F140FB520968",13,1,12,0,"buff_icon;buff_star;desc;flag_new;id;name;order;treaty_atk;treaty_buff;treaty_hp",""
"jp-1.4.0","config_trigger_shape","config_trigger_shape.db","F13C8584CB972B91F4B17079369F1022C6C22F49DFBF399E9395F26016C4C229",6,1,5,0,"desc;enum_name;id",""
"jp-1.4.0","config_ui_battlepage_config","config_ui_battlepage_config.db","F4012F3F3F28D0512905EA7B1256ABDA744A2A9ABFE20004BAA11D489A3806D1",83,1,82,0,"game_type;id;part_name;part_path;show_time;switch_mode",""
"jp-1.4.0","config_ui_battlepage_config_ios","config_ui_battlepage_config_ios.db","8E6617E842AD4BF90B2CFFD64694E5B748E52378F2281E573BC0CDE018B1436C",82,1,81,0,"game_type;id;part_name;part_path;show_time;switch_mode",""
"jp-1.4.0","config_ui_config","config_ui_config.db","7EF5B0F332E3565A1BA161E5D323642B0171734D397F95FD1342EA87A34EF116",425,1,424,0,"allwaysInMemery;bgm;canShowScene;hide_type;hierarchy;info;lua_class_path;page_type;res_path;subGroup;topName;ui_id",""
"jp-1.4.0","config_value_effect","config_value_effect.db","031F6BF4BA7B4E11127420FD786CD3E07559A5B8BA068E669295ACF71D5E59BC",86,1,85,0,"activity_effect_desc;activity_effect_type;activity_value_show;buff_background;buff_icon;desc;id;time;type_show;value_show;values",""
"jp-1.4.0","config_voice_chat_err","config_voice_chat_err.db","7B20D929AAB2CDCFE2AEF282AE4AA64CC9B03CD6AAD84DEDD15912B0E83C2240",101,1,100,0,"id;notice",""
"jp-1.4.0","config_vow","config_vow.db","4FE8AAA83DF3F06993E7A8327B3D5222CD32734B7CC36B2CFFE08EF1DFA83D65",4,1,3,0,"ban_full_break_add_time;ban_not_full_break_add_time;id;quality;result_that_quality_add_time;result_that_quality_limit_time",""
"jp-1.4.0","config_vow_item","config_vow_item.db","E58CE683B3B8D57A3687CA8B22055DDB603C124AC74EAA3BC4CA82315A9961B5",102,1,101,0,"daily_limit;description;drop_path;icon;id;name;quality;ship_id;time;type;vip_add_time",""
"jp-1.4.0","config_vow_wall_ship","config_vow_wall_ship.db","171881BC7078E9C414136C11C459D7737B5A701A4F9143E71943DFA054F7BCDE",9,1,8,0,"vow_pos_id;vow_pos_x;vow_pos_y;vow_shi_pin;vow_ship_kuang;vow_wall",""
"jp-1.4.0","config_weather","config_weather.db","CFBFE04DC03068C15E4FE8699B24C206E676D47105767A298D4F0C04265EC25F",7,1,6,0,"battle_tip;id;random_count;random_event;scene_param;state_event;ui_battle_pic;weight",""
"jp-1.4.0","config_weather_exchange_light","config_weather_exchange_light.db","56AF85558ECFFFE8DBBB1152F18B74C68592801296FE8EE868BE226964954F6A",4,1,3,0,"light_args_duration_s;light_args_name_s;light_args_start_time_s;light_args_target_value_s;light_type;wel_id",""
"jp-1.4.0","config_weather_group","config_weather_group.db","E53AE96BD5F97694A7E09875A0D22198CA1D86D3E94925D16D353A137660130E",7,1,6,0,"copy_tip;id;scene_res_name;trigger;ui_copy_pic;weather;weather_default;weather_weight",""
"jp-1.4.0","config_worker","config_worker.db","1FE36F2ACAF4C250429AB3539E78F164F6C090D59760BED00D44F88C1B2FF8AB",2,1,1,0,"addworkerhp;addworkerhptime;chargehp;id;workerhplevelup;workerhpmax",""
"jp-1.4.0","config_world_event","config_world_event.db","D67E11BE493CF5A3E03C4E0A8DB91C8C7C0FAA2D766C03FEBFB608CA365CFDA7",3,1,2,0,"battlepass_id;chapter_id;id;item_type;reward_mail_id;server_rank_goal;server_rank_period;server_rank_rewards;server_shop_id;server_stage;server_stage_rewards;shop_id",""
"jp-1.4.0","config_world_event_plot","config_world_event_plot.db","0A89B15D4577B9A2105620389CE13B54C22B21BBA4D9299380DEBC1627506317",23,1,22,0,"desc;image;name;period;period_area;plot_id",""
"jp-1.4.0","config_world_event_task","config_world_event_task.db","A67823F24C540E42E1ECAFCB790D66BF51395032E18DC19F849715E1D8D768AB",487,1,486,0,"desc;go_up_to;go_up_to_parm;goal;id;period;period_area;rewards",""
"cn-1.5.20","config_access","config_access.db","D89EAEA239C0A5185FAF46BE00218BFA413EAC6C2A4C12E18139B434F629C75D",216,1,215,0,"activatetime;drop_path;id;name;period_id",""
"cn-1.5.20","config_accurate_behavior","config_accurate_behavior.db","2253C055032BC5DBE61A5F8BAE89CEF661D671F3B070ECA69927B7749B3F5884",54,1,53,0,"behavior_call;behavior_time;behaviour_info_group;camera_info_group;caption_access;countenance_resource;diff_name;voice_access",""
"cn-1.5.20","config_achievement","config_achievement.db","DA394B118F96315D6D022D2B1BBC692139AD30674DD4827A31334EF2BC152C55",746,1,745,0,"abandoned;count_type;desc;go_up_to;goal;id;if_invisible;last_achievement;medal_id;open_day;point;progress;refresh_id;reward;rewards;show_reward_num;title;type;type_id;visible_parm",""
"cn-1.5.20","config_achievement_type_id","config_achievement_type_id.db","BCCDA50A9AC0C299A424D249350A28E49E3058FCE1E5637D1E78B65958344341",50,1,49,0,"id;type_id",""
"cn-1.5.20","config_action_audio_bind","config_action_audio_bind.db","6933F89C6BDABF4FC1D2CB66E382672378558B50F0E8D938AF48D1C3C3619478",51,1,50,0,"action_name;audio_id;delay_time;diff_name;id;role_id",""
"cn-1.5.20","config_activity","config_activity.db","4DF510C3635FC9019012DB8BEFC237A94DA79EA6A3CD3B418CCF2EE61E8E5216",483,1,482,0,"activity_top;audobattle_chapter;banner_goto;banner_gotopage;banner_gotopage_activity;banner_order;banner_pic;bg;bg_pic;close_groupbase;extra_ship_id;id;is_open;item_recycling_id;mail_id;name;order;p1;p10;p11;p12;p13;p14;p2;p3;p4;p5;p6;p7;p8;p9;padding_image;period;period_area;period_list;period_list_area;plot_type;rank_id;red_dot;seacopy_type;send_reward;shop_id;show_function;show_type;test_buff_show;test_image;test_ship;test_show;type",""
"cn-1.5.20","config_activity_bgm_period","config_activity_bgm_period.db","D05B60EF5824F52C59831EA7903B63FFEF6A4257B553F7CA357854D69146B4C8",9,1,8,0,"envir_bgm;id;period;weights",""
"cn-1.5.20","config_activity_extract","config_activity_extract.db","A3154AD387F4B05C3443A54EC606A8A85E58AB0AB8D3E31F9614298509A37C41",6,1,5,0,"drop_reward_id;id;item_cost;name;reward_key",""
"cn-1.5.20","config_activity_extract_ur","config_activity_extract_ur.db","06563F1548EBDD0272959177FF6E9B7554ABFB3BB642F2E8252A01B5B873F2B0",2,1,1,0,"chapter_id;copy_display_id;desc;drop_reward_id;fragment_id;id;item_cost;name;next_card_id;reward_key;special_drop;special_drop_times;surprise_drop",""
"cn-1.5.20","config_activity_type","config_activity_type.db","5C3B62E88309FF4EEBD8FA1408486AD4F4F79A13667C742766A85A09E8288892",11,1,10,0,"banner_goto;banner_order;id;is_open;order;red_dot",""
"cn-1.5.20","config_adventure_role","config_adventure_role.db","50B0D2124FD04B8779CDB02D51B3661F4D766C7E558C0301892B70315A5BF30C",31,1,30,0,"attack_max;enemy_life;hero_life;hero_name;hero_profession;id;image;image_attack;image_death;level_max;levelup_item;levelup_item_num;levelup_life;task_id",""
"cn-1.5.20","config_affection_change","config_affection_change.db","D42146A9EB55BBB3067D66E50989ED222488BE6AF86CEFE8C1F8995919A76197",15,1,14,0,"affection_add;affection_change_sort;affection_flagship_add;affection_mvp_add;affection_reduce;mood_reduce;mood_shipwrecks_reduce;not_effect_curriculum_vitae",""
"cn-1.5.20","config_affection_favor","config_affection_favor.db","7070C45A1919E93A556CCE312B6B1D0DDD0AE517C42FBA40C4790030ED56B142",8,1,7,0,"affection_adddescribe;affection_cost;affection_describe;affection_icon;affection_id;affection_marry;affection_max;affection_min;affection_value_effect;value_effect_power",""
"cn-1.5.20","config_affection_item","config_affection_item.db","1AA67FA421E9B8F4DB5918833D6F0C7700720F0CCF3C2BB49EB746355C03D837",9,1,8,0,"affection_exp;description;drop_path;icon;icon_small;id;name;quality",""
"cn-1.5.20","config_affection_mood","config_affection_mood.db","4DBDC0C57D8883A53E58A1AC51EEBE2AF88A19C2A5C96D45B552CEFD21E82214",5,1,4,0,"mood_affection_add;mood_describe;mood_exp_up;mood_icon;mood_icon_xiao;mood_id;mood_max;mood_min",""
"cn-1.5.20","config_air_attack_spe","config_air_attack_spe.db","604C870E3640ABFA9DFDA5030675C1FB060768DBEE96B4EB47A9628490A077E1",76,1,75,0,"id;radius;speed;speed_time",""
"cn-1.5.20","config_air_control_state","config_air_control_state.db","5A0BCD1857AF216A72E342E24AE7BBA509039AB5938D694D83EA25C8D29AA363",6,1,5,0,"desc;enum_name;id",""
"cn-1.5.20","config_air_search_spe","config_air_search_spe.db","FBBFF2BB0C0F3FD375E1EA47F5FD15D162CF2A2B7352FD4FA8C97B7CBFEA2D5C",148,1,147,0,"birth_pos;id;patrol_pos_array;radius;speed",""
"cn-1.5.20","config_air_spe_link_fleet","config_air_spe_link_fleet.db","9DC7327C87310871624B589D8CA765D050F7C7EFF809D3D02A0BE6E91747243D",116,1,115,0,"air_attack_spe_data;air_search_spe_array;fleet_id;id",""
"cn-1.5.20","config_anniversary_video","config_anniversary_video.db","AD069A324CD44FE48B25C67641C503F0D520B91A82CA571537B581F787907675",5,1,4,0,"id;image;link;period;period_area;reward",""
"cn-1.5.20","config_ar_battle_config","config_ar_battle_config.db","CFAF2FACD5A5F8B88C48B9ACCFFCB4BBD71A70B1C227B359787C90575723F897",11,1,10,0,"data;diff_name;enum_name;id",""
"cn-1.5.20","config_ar_battle_range","config_ar_battle_range.db","1BD3C482FD96E22FC3768C900FBE3A7EB2E6FA915A26A3C44C02E9A71783E820",6,1,5,0,"desc;dis_max;dis_min;enum_name;id",""
"cn-1.5.20","config_ar_config","config_ar_config.db","A0014BFE623429998B52C856E25E8E8191F2D6BBE713B2CA7FC0E6C0D267DB8C",28,1,27,0,"data;diff_name;enum_name;id",""
"cn-1.5.20","config_askill_dict_create_item","config_askill_dict_create_item.db","C65E1D645C2104CF2575F77A6A78DD08ABCC3E4AEE6C71C343DFBF852EFB1160",3303,1,3302,0,"distance;euler;id",""
"cn-1.5.20","config_askill_dict_create_range","config_askill_dict_create_range.db","F9DCF1BCED3E95B6E0595AE7ACBC5D46CBE1882AEB49FB2DADF6FB3533276B8B",895,1,894,0,"create_range_item;id;weight",""
"cn-1.5.20","config_askill_dict_create_range_item","config_askill_dict_create_range_item.db","736B39C9DD636A31D8147519419F35BE837BA252DC18D238F996C447A1F6AC96",871,1,870,0,"distance;euler;id",""
"cn-1.5.20","config_askill_dict_prj_ctrl_logic","config_askill_dict_prj_ctrl_logic.db","A7056E5AAC9D03F70A46F2405A118BF6B737638A130C9796E4A62DBD5ECB3D1E",1020,1,1019,0,"behaviour_params;behaviour_target;exe_delay;exe_loading_time;exe_time;exe_type;id;logic_behaviour",""
"cn-1.5.20","config_askill_dict_prj_ctrl_move","config_askill_dict_prj_ctrl_move.db","D6CD8F22498B8585C67F28C6E54F86707E9CC6732E6855CBC3A0EF6CB05CD049",2379,1,2378,0,"face_dir_rotate_speed;face_dir_rotate_type;id;move_dir_rotate_speed;move_params;move_type;speed;speed_type",""
"cn-1.5.20","config_askill_dict_projectile","config_askill_dict_projectile.db","FB360EAB4CFA695D3C7F78E9C051F82EA9B29F2B96C10101D29957FA7E8AFEB8",962,1,961,0,"act_after_target_death;could_silence;create_delta_euler;create_pos_range;create_pos_type;id;life_circle;mix;order;prj_class;projectile_ctrl;projectile_type;random_weight;select_mode;skill_type;special",""
"cn-1.5.20","config_askill_dict_projectile_ctrl","config_askill_dict_projectile_ctrl.db","22C6ACB256ABDD314978779A64065B0682560B5A33B07149D863648FBFFB24FB",3705,1,3704,0,"create_dir_type;id;independent;independent_duration;logic_array;logic_delay;move_step;order;projectCtrlDelayOption;projectile_item;trigger_time_type",""
"cn-1.5.20","config_askill_dict_projectile_item","config_askill_dict_projectile_item.db","1B909ADEF465FD8037B61423EB216E1BEDD5485BB1F80978F80C5AA746C2CB1A",3060,1,3059,0,"delay_time;delta_euler;delta_pos_x;delta_pos_y;id;shape_param;shape_type;ship_trigger_ebid;ship_trigger_order;size_begin;size_change_duration;ste_id;svte_id;vice_gun_scale_shift",""
"cn-1.5.20","config_assess","config_assess.db","33C9AF32A756DE5B242C89BD80B5F7762AFF3C95FF7A164016347B7D4C248130",17,1,16,0,"A_para;A_tips;B_para;B_tips;C_para;C_tips;D_para;D_tips;E_para;E_tips;F_para;F_tips;SSS_para;SSS_tips;SS_para;SS_tips;S_para;S_tips;id;order",""
"cn-1.5.20","config_assess_condition","config_assess_condition.db","57C481DB34C3C085EE3052C2F6E6543333EC5FDDB06C7BA0E819126A9A4A052E",10,1,9,0,"condition_func;id;param_type",""
"cn-1.5.20","config_assist_fleet","config_assist_fleet.db","DDB6DAA6D9085C3D862E2BBD6F738BE1E05F905738A6CD13FE71174349E3A033",27,1,26,0,"assist_ship_info_id;default_threat;formation;id;name;strategy;threat_id;view_mode",""
"cn-1.5.20","config_assist_ship_info","config_assist_ship_info.db","72F520E4E5A55151EB0CDDBFF0BB06EF3A9F4DC89D5AD564BE423C0A7020C53C",804,1,803,0,"angle_speed;anti_crit;attack;battle_angle_speed;crit;defense;dodge;equip;equip_level;fate;hit;hp;main_gun_cd;main_gun_range;ship_affection_ratio;ship_air_control;ship_bomb_attack;ship_fashion_id;ship_fight_grade;ship_id;ship_level;ship_main_id;ship_maxbreak_id;ship_name;ship_skill_level;ship_strengthen_ratio;ship_supply_cost;ship_torpedo_attack;skill_anim_order;speed;to_air_attack;to_torpedo_attack;torpedo_attack;torpedo_defense;torpedo_num;view_range",""
"cn-1.5.20","config_attribute","config_attribute.db","082A5BA352625425149B3005B7C5A75210183EED950ABDD211A4D3763DB6D7B8",108,1,107,0,"attr_direction;attr_display;attr_icon;attr_name;attr_type;attr_unit;beizhu;direction_if_show;direction_show_sort;equip_if_show;equip_show_sort;girl_if_show;girl_show_sort;id;params;remould_if_show;remould_prop_formula",""
"cn-1.5.20","config_audio","config_audio.db","AC70AF7E2FBF75B12460A2F65021E1A2AE4946DADB40190B377C42311A0AB8D6",146,1,145,0,"a_id;can_repeat;diff_name;repeat_time;res_path",""
"cn-1.5.20","config_awaken_task_common","config_awaken_task_common.db","676644BCEA9561402138565C39463D8E0F63E1B6C626F3B91FC54F11155BB399",15,1,14,0,"count_type;desc;go_up_to;go_up_to_parm;goal;id;refresh_id;rewards",""
"cn-1.5.20","config_awaken_task_milestone","config_awaken_task_milestone.db","13F579838C52E8DBCF5EDFD0FBC80113719474AA9F16253CE710EB93E90EBA70",21,1,20,0,"count_type;desc;go_up_to;go_up_to_parm;goal;id;pt",""
"cn-1.5.20","config_barrage_library","config_barrage_library.db","0B50F5C6F8EE9D0D2A6BDB81953C17E280253009F5EB6AE0016CC16C39F6C424",32190,1,32189,0,"barrage_library_id;is_orbital_colse;scene_id;scene_id_type",""
"cn-1.5.20","config_bathroom_item","config_bathroom_item.db","03C146BCB9EA93EB84E87CEC833B935C3F9BA539A09C3218E9D903D49DF29495",2,1,1,0,"description;frequency;icon;id;name;once_exp;price;quality;time",""
"cn-1.5.20","config_battlefield_info","config_battlefield_info.db","4A3C7265D712E4F6FDC186A81E8CB1CF84C1CAC1EE0A8219228E5D2ADAA3488A",215,1,214,0,"assist_fleet_position;battlefield_shape;enemy_position;id;player_fleet_position;player_position;shape_param",""
"cn-1.5.20","config_battlefield_resource","config_battlefield_resource.db","CFE97D1E6895886503292B83F242ABDADD82E1BD0DE98DCE34E1A728C9C51E77",2723,1,2722,0,"buffid;copy_id;flag;id;odds;pos_id;res_collide_effect_id;res_collide_msg_effect_id;res_find_effect_id;res_image_effect_id;resourc_num;resource_items;resource_type;search3d_item_id;server;settlement_type;show_num;show_type",""
"cn-1.5.20","config_battlefield_resource_blood","config_battlefield_resource_blood.db","41FBBACE71074D9F776EEB34FF62CEE65012447AED1ADE2C7DBE8BEDEEFAC42A",19,1,18,0,"brFilterType;id;numberRule;vals;value_or_percentage",""
"cn-1.5.20","config_battlepass_level","config_battlepass_level.db","33D9065D74FD5519842ED142AFF793DE2F3D0DA207D104916DFE1EBAA5FA9906",51,1,50,0,"free_level_reward;level;level_exp;pay_level_reward;target_reward",""
"cn-1.5.20","config_battlepass_level_activity","config_battlepass_level_activity.db","850F51D57AE326988E808984C994E9E1441019006125F7BCF34C4C96FBCEB675",101,1,100,0,"free_level_reward;level;level_exp;pay_level_reward;target_reward",""
"cn-1.5.20","config_battlepass_param","config_battlepass_param.db","D12A8CB1DE1EDD7568858DB40302EC92E21AF1663D4DEB72306B566BBDF4D46F",2,1,1,0,"advance_price_1;advance_price_2;advance_reward_1;advance_reward_2;advance_reward_desc_1;advance_reward_desc_2;advance_reward_level_2;buy_level_price;free_icon;free_refresh_count;id;item_recycling_id;pay_icon;pay_refresh_count;pay_refresh_price;recycle_mail_id;reward_mail_id;shop_id;weekly_task_num",""
"cn-1.5.20","config_battlepass_param_activity","config_battlepass_param_activity.db","0F8A776478F2E2EB141A53DC36A69B3F7D401D5D7E94A21FE29E7DB0BB2E1033",2,1,1,0,"advance_price_1;advance_price_2;advance_reward_1;advance_reward_2;advance_reward_desc_1;advance_reward_desc_2;advance_reward_level_2;buy_level_price;free_icon;free_refresh_count;id;item_recycling_id;pay_icon;pay_refresh_count;pay_refresh_price;recycle_mail_id;reward_mail_id;shop_id;weekly_task_num",""
"cn-1.5.20","config_battlepass_task","config_battlepass_task.db","E3DB0D8F25EFF27BDC231F71615E9FC0BA40734ABE195F4E0404CB46657F03C1",18,1,17,0,"battlepass_exp;go_up_to;go_up_to_parm;id;task_goal;task_name;task_type;task_type_name",""
"cn-1.5.20","config_battlepass_task_activity","config_battlepass_task_activity.db","050DE264F426736D92A432B05F49AD29F639E59FB2EBFFABE0C71AA1CF0B850C",18,1,17,0,"battlepass_exp;go_up_to;go_up_to_parm;id;task_goal;task_name;task_type;task_type_name",""
"cn-1.5.20","config_battle_ai","config_battle_ai.db","F10403A997A4A74B2E319FFC999D1EF36BD516E8C90B44C40A84DF2793689DB0",6,1,5,0,"aerial_search_duration;ba_id;diff_name;escape_odds;f_id;skill_cd;speed_ratio;t_odds;track_dis;track_range;view_euler;view_range",""
"cn-1.5.20","config_battle_air_control_coefficient","config_battle_air_control_coefficient.db","60409796EAAF82782F1325E7CB3362461899FEFBB4E2DE0F3BE3B2B0C1E74491",20,1,19,0,"air_control_state;bacc_id;damage_rate;diff_name;injured_rate;max_range;min_range",""
"cn-1.5.20","config_battle_ai_escape","config_battle_ai_escape.db","A49E8BB5A309C344F62D901DA6F790F2DC38473804489B6C668D41130C92E41E",3,1,2,0,"ba_id;diff_name;escape_target;escape_type;escape_weight;fleet_id",""
"cn-1.5.20","config_battle_ai_fleet","config_battle_ai_fleet.db","2F76BA034426A942F8784DD2C28ADE6FC5A5F01F18DE8944A9681A206CDFF1AF",856,1,855,0,"aerial_search_duration;airattack_call;baf_id;best_dis_odds;call_view_circle_range;call_view_euler;call_view_range;escape_odds;skill_cd;speed_ratio;t_odds;track_dis;track_range;view_circle_range;view_euler;view_range",""
"cn-1.5.20","config_battle_ai_fleet_escape","config_battle_ai_fleet_escape.db","2AE5020414002589E80BBFC5867399F2E36B81A3BEB9BD7637BBEE590836E79F",4,1,3,0,"baf_id;bafe_id;diff_name;escape_target;escape_type;escape_weight",""
"cn-1.5.20","config_battle_ai_fleet_support","config_battle_ai_fleet_support.db","1AECC1BE20FF7C3F988B1386686AC81ADE5D7CA5328A0D1B33CE08147CBD6C34",246,1,245,0,"baf_id;bafs_id;call_for_support_time;support_arg;support_type",""
"cn-1.5.20","config_battle_ai_ship_info","config_battle_ai_ship_info.db","6C3AA4245C0B1F0383187B6BDCC51ADD9DDA6FFC6D9F45B69BE21EBCBDB80103",96,1,95,0,"aerial_attack_weight;basi_id;best_distance;best_distance_weight;main_gun_weight;second_gun_weight;torpedo_weight",""
"cn-1.5.20","config_battle_ai_ship_skill_ratio","config_battle_ai_ship_skill_ratio.db","2919F52D7312DC666E7DFD8A24ED06262579F38F72B53C40820CBF7CDC0C1AD7",58,1,57,0,"attack_range;basi_id;bassr_id;skill_base_ratio;skill_type",""
"cn-1.5.20","config_battle_ai_support","config_battle_ai_support.db","676F5D3CB63D7FD9DCB23FB621D826CA056F9FB683A0C777B835207E96D512A1",2,1,1,0,"ba_id;call_for_support_time;diff_name;fleet_id;support_arg;support_type",""
"cn-1.5.20","config_battle_ammounition_effect","config_battle_ammounition_effect.db","6A91E42DD8B69DA949FA51A71B3F3C5281E8FA4C79ED62670968DDDC4E9AF671",4,1,3,0,"ammounition_max;ammounition_min;bae_id;prop_id;value",""
"cn-1.5.20","config_battle_auto_chat","config_battle_auto_chat.db","F7529927F354B48FCD87BAC3B828C328E5B93D57CAD9FD2A1EBB3C4BBB22BB1F",10,1,9,0,"id;text",""
"cn-1.5.20","config_battle_config","config_battle_config.db","1CF5E006C7F7D7D701A4910FA64FCDBD84CBE6873F0750DE10B58FB83FEA5A4C",327,1,326,0,"data;data_double;data_int;diff_name;enum_name;id",""
"cn-1.5.20","config_battle_fleet_show","config_battle_fleet_show.db","4ED1356A19F5853419FBC6CCFED3284D26AA8327B655DC0B1B8F48B2CC67EEC4",64,1,63,0,"head;head_in_field;head_in_field_sel;head_sel;id;name",""
"cn-1.5.20","config_battle_logic_trigger","config_battle_logic_trigger.db","882BDF29491C12587C8033A718A6BCA7A9DA875FB10490983999A81F20F96709",64,1,63,0,"id;trigger_condition;trigger_condition_param;trigger_limit_num;trigger_result;trigger_time;trigger_tip",""
"cn-1.5.20","config_battle_logic_trigger_result","config_battle_logic_trigger_result.db","E09444E58D2A304613A93104106EA65C24F192608EC1528880200B21B5E1D3B2",143,1,142,0,"id;result_type;target_dictid;target_type",""
"cn-1.5.20","config_battle_maingun_clip","config_battle_maingun_clip.db","20DCDB2D3D62F059F09979DC61DE56777EF62C3B8554717D89E1D848F2A2545E",7,1,6,0,"damage_factors;id;max_num;select_mode",""
"cn-1.5.20","config_battle_qte_effect","config_battle_qte_effect.db","A146E99CD76E0E4F300C0FA076ADE9CE94A47E45055AFAABED292B3BCAA45D57",5,1,4,0,"bqe_id;damage_effect;qte_step",""
"cn-1.5.20","config_battle_qte_pro","config_battle_qte_pro.db","1E5A56BE17153AFBB9AEC7EA231C8D83817081D270167C58BE8164C1C75B053A",2,1,1,0,"bqp_id;duration_12;duration_23;duration_34;last_suration;name;size_percent_1;size_percent_2;size_percent_3;size_percent_4",""
"cn-1.5.20","config_battle_range","config_battle_range.db","654F4B9204BE8142A258DFB6E9DCF6A604F9FAE3FE14628D82F51CD2075B55C5",6,1,5,0,"desc;dis_max;dis_min;enum_name;id",""
"cn-1.5.20","config_battle_threat","config_battle_threat.db","46BFA230881F35E4E6883D6295FB83F12C3D189121A34A130CC316F23B421E29",13,1,12,0,"event_param;event_type;id;threat_time;threat_type;threat_value",""
"cn-1.5.20","config_battle_torpedogun_combo","config_battle_torpedogun_combo.db","2C127E92AF14DBBF73E8E1A78C13D0736A4070E805AA7ED3B1098C24B9AE8C00",7,1,6,0,"damage_factors;id;max_times",""
"cn-1.5.20","config_battle_weather","config_battle_weather.db","304FE8925CC4A8C46759928CA789DB15A2025D68A30707ED6D918516BB0069CC",4,1,3,0,"ammounition_cost;desc;enum_name;id",""
"cn-1.5.20","config_bd_class","config_bd_class.db","30D77786F9820AE5A10EDC8261F4CA5587ADCDEFFB08F8CF8286EF20C2EA4E7A",4,1,3,0,"desc;enum_name;id",""
"cn-1.5.20","config_bd_limited","config_bd_limited.db","8490103840174FED9897A109DEBAC290B2CD42F49B8472AD340742F85E21F10D",25,1,24,0,"bd_class;bd_number;bd_obj;bd_obj1;bd_prop;bd_prop1;desc;id;limit_type;operation",""
"cn-1.5.20","config_bd_obj1","config_bd_obj1.db","2E3057BE9BB7D56FC424EDF7038DCF07FB002EC6BA2329BD73969AC108AAC191",6,1,5,0,"desc;enum_name;id",""
"cn-1.5.20","config_bd_prop","config_bd_prop.db","D8D6244AFE31D212251BD12E5D263FD7704E9CF679FC450EE8882D5280A586A3",8,1,7,0,"desc;enum_name;id",""
"cn-1.5.20","config_bd_prop1","config_bd_prop1.db","E8DB04EB97A078264752DB66C096A99AD3E23E126283DBE4ABCF6C7F06DCCAD9",4,1,3,0,"desc;enum_name;id",""
"cn-1.5.20","config_behavior_info","config_behavior_info.db","952BC1AE6C913405B5F8CAED0206476AEA5EFCBD254EAECB69BD0B50B7832481",1147,1,1146,0,"behavior_type;cn_text;diff_name;effect_bind_id;id;modle_name;ship_name",""
"cn-1.5.20","config_behaviour_info_queue","config_behaviour_info_queue.db","9FCA838E48CF939EAB2DE704D576D4FD8E2C4F7C51EA3750F6AF8ECD051BE8E1",1811,1,1810,0,"anim_name;bind_effect;duration;effect_closure;effect_opentime;group;head_control_param;head_control_type;id;is_loop;queue;repeat_play;speed",""
"cn-1.5.20","config_bestrong","config_bestrong.db","0C76E34BCC573056BDC8CDF70580411F2804A69D2B797FFFB6B49BCCE1E6FB49",7,1,6,0,"gotomotoid;icon;id;openlevel;title",""
"cn-1.5.20","config_big_activity_chapter","config_big_activity_chapter.db","0BB262B419326DB06DC697E2010AC57F7D754D75D70203296421BD22980C96E7",4,1,3,0,"copy_thumbnail_list;id;level_list;name_list",""
"cn-1.5.20","config_big_activity_copy_display","config_big_activity_copy_display.db","9A5CA7CA43F27828FDA3D944E21618DDC59EFA6E6FDBC5D550422EAA8EC355EB",56,1,55,0,"copy_button_deviation;diff_choosing_bg;extra_drop_info;extra_drop_item;id;params;recommend_power;reward_coin;reward_gongxun;script_function_name",""
"cn-1.5.20","config_big_activity_reward","config_big_activity_reward.db","45A7DBA1EE7B2366B04F5587DCBDDAEF7CE87ABB0559CAADBD12DA4AFE2CF63A",11,1,10,0,"id;p1;p2;reward",""
"cn-1.5.20","config_boss_copy_activity","config_boss_copy_activity.db","1835D964A213C08870FA7FB419B7486BDEEA5510B0A334ACA3DC7ADA072A58CF",6,1,5,0,"boss_life;cheat_line;copy_display_id;eff_boss;id;image_boss;image_boss_2;image_boss_clear;image_position;image_scale;leveldetails_id;mail_id;name;rewards",""
"cn-1.5.20","config_boss_copy_life","config_boss_copy_life.db","7B2B66D33F1ACC384CCE9B34B62B831BFC5F351B01AF612EFFEEF5D010826587",51,1,50,0,"id;life_reduce;time",""
"cn-1.5.20","config_boss_copy_main","config_boss_copy_main.db","1736E7D734F17F2A0D3A225962875C0DF0498E47C561E0FAAE540A0922111F15",5,1,4,0,"boss_life;copy_display_id;eff_boss;id;image_boss;image_boss_2;image_boss_clear;image_position;image_scale;mail_id;name;rewards",""
"cn-1.5.20","config_boss_life_control","config_boss_life_control.db","E411229DC3F5D62765281C4AFEBA303CBA6034B305AC0110B76252A8E4188A16",241,1,240,0,"copy_id;id;life;time",""
"cn-1.5.20","config_buff_show","config_buff_show.db","DE3D05EBA726563ECC8B029E0BA7938E03F705D4F3208304D09001156EE94D66",670,1,669,0,"buff_display_ebs;buff_display_ebs_belong;buff_display_show_state;buff_display_ui_eb_id;buff_display_ui_effect_root;buff_display_ui_effect_roots;buff_display_ui_effect_uri;buff_display_ui_path;buff_display_work_effect_uri;buff_resttime_text;buff_shield;buff_show_delay_type;buff_show_rule;buff_show_type_id;buff_stack;buff_statistics_text_page_path;buff_statistics_ui_effect_text;buff_statistics_ui_effect_uri;buff_tips;id;team_buff_desc;team_buff_icon;team_buff_name",""
"cn-1.5.20","config_building","config_building.db","D0578F60CDE1B956CE20E1C7AB6E97CBB5EB273099C46C6FD09E863CD04FF384",11,1,10,0,"buildinggroup_id;defaultopening;id;officelevel",""
"cn-1.5.20","config_buildinginfo","config_buildinginfo.db","F05413A1FB94F7C77A5B1C7FF766A762E258D0B29B5F958737736319479DDF61",36,1,35,0,"addmood;addworkerhp;building_scene_bgm;building_scene_res;buildquantity;characters;desc;englishname;foodcost;goldaddition;group_id;heroaddition;heronumber;id;level;moodcost;name;oiladdition;order;powercost;productid;productiontimeless;productivity;productmax;recipe_compose;recipeid;reducecost;showcharacters;type;typeicon;unlockbuilding",""
"cn-1.5.20","config_buildinglevelup","config_buildinglevelup.db","BC3A5D69D6DA39A2F9409BBBC7DC2DD9D9DDB73C5767130CD77B8C1EE92AA511",36,1,35,0,"cleartime;costmoney;costwork;id;level;leveluptime;officelevel;rawmaterial1;rawmaterial2;rawmaterial3;type",""
"cn-1.5.20","config_buildingtype","config_buildingtype.db","3BEEC0D018D03A2B2292EB47A297EEB66A07BC398803DFDBE9EC94D9542EC196",9,1,8,0,"buildnumber;id",""
"cn-1.5.20","config_building_camera_parameters","config_building_camera_parameters.db","4BEE1A040A8C876EF2D0D4EFF7056C3C8A64A66D04E7E3F021C271EF4A85D186",10,1,9,0,"angle_speed;angle_x_max;angle_x_min;angle_y_max;angle_y_min;diff_name;lerp_accel;max_distance;min_distance;move_speed;pos_x_max;pos_x_min;pos_z_max;pos_z_min;rotation_mode;scene_resources;scroll_speed",""
"cn-1.5.20","config_building_character_story","config_building_character_story.db","D225082B4F7568E215A670B4E2740BA3FA13575B1D4C657DDC9C4BB0C852262B",217,1,216,0,"affection_value;id;open_time;plot_cover;plot_title;plot_trigger_building;plot_trigger_id;plot_trigger_type;ship_fleet_id",""
"cn-1.5.20","config_building_config","config_building_config.db","2B73D45A1D3B737847E8A7F5070C8C88E468ABAECDA4F8B811516A773A916B06",17,1,16,0,"data;diff_name;enum_name;id",""
"cn-1.5.20","config_building_furniture_res","config_building_furniture_res.db","1F651E59541A5EA2B3D779E6AFBC078F41CCD808086070E4AED01CC8E352B9F2",2,1,1,0,"furniture_id;furniture_long;furniture_res;furniture_type;furniture_wide;subsidiary_layer;subsidiary_type",""
"cn-1.5.20","config_building_tv_res","config_building_tv_res.db","19922F5CC4CC298B05A2F65140EF4FB1887A7B14459A28E5B8C2E736265EAA6C",2,1,1,0,"id;play_weight;tv_key;tv_res",""
"cn-1.5.20","config_building_wall_res","config_building_wall_res.db","CA785D1F11708B382EF30540AB9B718E838CEFB72AD7D6DAEB3A41B87405CADA",2,1,1,0,"total_layer;wall_id;wall_res;wall_type",""
"cn-1.5.20","config_build_formula","config_build_formula.db","FE0AB3CB8FA8E01C7CD993E4A3F53F260AC0DFA8981F81DED975AA0491DFD9B1",5,1,4,0,"custom_tag_revise;id;res1;res2;res3;tag_weight",""
"cn-1.5.20","config_build_quality","config_build_quality.db","EE96A86DD037414177E8D8FE0EE79C0B0E2FFC74C7CC981F14529DE1C686489E",2021,1,2020,0,"fail_build_ship_id;id;tag_weight",""
"cn-1.5.20","config_build_ship","config_build_ship.db","10EC105F5B414D6EFDD2296E5E077A921119952D19DE96448BF0A1976873D8A7",31,1,30,0,"build_quality_id;custom_tag;id;package_weight;res1;res2;res2_package_weight_arg;res3;res3_package_weight_arg;ship_list;ship_ratio",""
"cn-1.5.20","config_camera_info_queue","config_camera_info_queue.db","3C7D38810985197A374E36509E8F30E967252BE3F036622021F96A2C62DAEF4F",3737,1,3736,0,"camera_path;camera_path_index;camera_target;diff_name;duration;focus_path_index;group;id;queue",""
"cn-1.5.20","config_caption_access_list","config_caption_access_list.db","D80067A3EE7DFFC1267426F9251B566C42FC9F342CB6F130F7B5EE1BD44A8134",8150,1,8149,0,"behavior_type;caption_access;caption_end;caption_open;cn_text;diff_name;jp_text;modle_name;ship_name",""
"cn-1.5.20","config_cg_resources","config_cg_resources.db","E307B9D680A14CFF82877A5477AE2DC03A669B4B2A38FA6D6C8FAAF4F10D5C3C",4,1,3,0,"android_volume_coefficient;cg_id;cg_res_path;diff_name;ios_volume_coefficient;mac_volume_coefficient;win_volume_coefficient",""
"cn-1.5.20","config_challenge","config_challenge.db","3F1ED33AAEC21A046B4F56B332751C49E683254405ABECE9AF0B3C3FCE74BA87",9,1,8,0,"function_id;function_param;icon;id;is_open;message1;message2;name;order;red_dot;red_dot_param",""
"cn-1.5.20","config_challenge_reward","config_challenge_reward.db","109DCB5C67898DC0C222919E47C7D9B8D51752D98153632A36E8E309C406FD6E",11,1,10,0,"id;p1;p2;reward",""
"cn-1.5.20","config_chapter","config_chapter.db","98018B0D5F57978181DB39611AD0699C71719E830E9027E2B75906E71C4666B2",238,1,237,0,"activate_by_default;belong_chapter_list;big_activity_chapter_id;changechapterbtnhide;chapter_details;chapter_open;chapter_openname;chapter_period;chapter_periodarea;chapter_plot_type;chapter_type;class_name;class_type;coordinate;copy_background;copy_background_2;copy_pos_x;copy_pos_y;dailygroup_id;day_chapter;ex_id;help_info;id;is_available;is_show;level_list;leveldetailsbgm;memory_id;memory_start;mubarcopy_chapter_image01;mubarcopy_chapter_image02;mubarcopy_data;name;name2;new_ocean_tag;next_chapter;night_chapter;open_chapter;outpost_id;plot_copy_cover;plot_locked;prev_chapter;pve_copy;relation_chapter_id;reward_times;running_level_list;show_name;star_box;star_cond;star_reward;starbox_cosy;starimage;starpositionx;tactic_type;title;training_chapter_id;treaty_copy;treaty_open_copy",""
"cn-1.5.20","config_chapter_plot_type","config_chapter_plot_type.db","4217641844BBD807EC880AD768C7BA66F3C7AC896A53840758B8D888872E6209",4,1,3,0,"chapter_list;chapter_list2;id;image;image_bg;image_btn;image_btn_push;image_mask;name;p1;p2;p3;p4;p5;p6;plot_enter_name;show_id",""
"cn-1.5.20","config_chapter_tower","config_chapter_tower.db","B647A8AFEADE42820D0179C912F7B58B6570DEC0827F690FCC14BA44ECE58A18",19,1,18,0,"area_pass_reward;basic_reward;battle_point_cost;battle_point_default;battle_point_min;daily_battle_time;desc_simplify;id;level;reset_chapter;reset_period;ship_battle_time;topic_visible;tower_topic",""
"cn-1.5.20","config_chapter_training","config_chapter_training.db","6015E0899BEF16E3B1C8894692703272433DA9AF19EB38E4E9E33C1B45E5AA11",8,1,7,0,"id;open_level;star_need;star_reward;training_level_list;training_level_name_list;training_reward_show",""
"cn-1.5.20","config_chapter_type","config_chapter_type.db","4A5C0C6BB32E09D3E5F0C567978369FBED1D106D53E4C51F85B9BEC977BB2AA7",76,1,75,0,"affection_add;affection_change_sort;affection_flagship_add;affection_mvp_add;affection_reduce;check_strategy;dot_key;ex_ids;function_id;mood_reduce;mood_shipwrecks_reduce;not_effect_curriculum_vitae;not_effect_task;open_copydisplay;period_area;period_id;start_chapter;top_text",""
"cn-1.5.20","config_chapter_type_info","config_chapter_type_info.db","C6D00AD50D6BDB6C1D55706602D51771DB4731158EA49901A5A7AF2551BBA2DE",6,1,5,0,"check_image;desc;id;locked_image;title;unchecked_image",""
"cn-1.5.20","config_character","config_character.db","CC2654B58EF521E70C23539DB8F8001CA9A92645284C85DFAD04278B5386B20D",133,1,132,0,"characteraddition;charactersicon;desc;id;levelupaddition;leveluprecipeaddition;name;recipeadd;recipeaddition",""
"cn-1.5.20","config_chat_emoji","config_chat_emoji.db","305E727157861098BF514A6FB534720036B52632CE889BB017203DFF5EAC35EA",18,1,17,0,"icon;id",""
"cn-1.5.20","config_chat_send_interval","config_chat_send_interval.db","BB058745B7756BFA6AEAB3BACF17E08D0DEB8C1C901935AFFD07EAFAFDF83CAD",7,1,6,0,"channel_id;time",""
"cn-1.5.20","config_chat_set","config_chat_set.db","9E6294D99D2BF297336C2115582C5F9368B6683A4904CCD5DF463DC2686077EB",13,1,12,0,"belong;channel;count;id;key;name;value",""
"cn-1.5.20","config_cheat_app","config_cheat_app.db","3480E2AFA48181DE35D23D5ADF7465DFFD2F67690F48F761A161FF7D70128C05",13,1,12,0,"cheat_id;package",""
"cn-1.5.20","config_color","config_color.db","0B327D020E4314DCFE0E100CCF546C96C5E476838A1EC36949B22FB13CA157FD",14,1,13,0,"id;rgba",""
"cn-1.5.20","config_combination_ship","config_combination_ship.db","7C4DBB429C1B5802AD5F52EC250C5E5F9E3D9730EAFF8A718B4A585912599216",581,1,580,0,"before_id;break_item;break_prop_up;break_prop_up_percent;break_star;id;level;levelup_item;next_id;prop_up;prop_up_percent;sf_id;skill_id;star",""
"cn-1.5.20","config_condition","config_condition.db","7219468B255C63B3FC12888585883ADD67A6D3F4FA242C0FC760D80B83B9DA92",3,1,2,0,"description;id",""
"cn-1.5.20","config_copy","config_copy.db","C368F1F7073CBFDEF023D3F5FC437CD1E1A8A9A5EEB86813BDC860E1595B09A0",1483,1,1482,0,"aerialaeconnaissance_cd;airattack_cd;angleView;battle_airattack_cd;battle_anim;battle_time;blood_range_lower;blood_range_upper;born_sp_id;close_nigh_battle;copy_finish_type;copy_id;copy_scene_length;copy_scene_width;copy_type;cycle_day;cycle_night;dayNight_switch;fleet_id;fleet_supple;initially_dayNight;logic_trigger_array;map_fog_hide;match_player_num;match_type;mission_id;r_id;random_weight;recommend;report_type;resource_id;running_fight_evaluation;running_fight_level_id;running_fight_rate;scene_id;sea_area_name;search_airattack_cd;search_bgm;series_fleet;team_attack_num;type_parameter;weather_group",""
"cn-1.5.20","config_copytypemap","config_copytypemap.db","E93A9CFBEFBC0F39E484C9F8FF5551F09289AC8665154137102B9B7F7327902C",2,1,1,0,"id",""
"cn-1.5.20","config_copy_demo","config_copy_demo.db","87E2FC9E5C88B5C16FF73E1AAE1FA4EA5186201683D8BC0E2CD99D7D2B861534",87,1,86,0,"battlefield_id;copy_center;id;palyer_birth;player_path;scale_value;ship_enemy_birth;ship_enemy_path",""
"cn-1.5.20","config_copy_display","config_copy_display.db","55D859E644345B8436CD558ABACBFB047E4BC5E47203557C1E85CF6E35616294",2195,1,2194,0,"activity_item;activity_period;activity_period_area;activity_plot_bg;activity_point_get;after_clear_supple_num;assist_fleet;assist_fleet_lock;assist_fleet_num;attached_fleet;auto_continuation;autobattle_gamelimit;autobattle_isshow;autobattle_open;autobattle_opendesc;autobattle_time;ban_autobattle;battle_boss_hp_uri;battle_time;before_copy_id_list;big_activity_copy_display_id;boss_net_image;branch_copy;branch_id;buff_max_times;checkpoint_instructions;choice_boss;clear_forbbiden_id;condition;coordinate;copy_activity_value;copy_demo_id;copy_display_type;copy_guarantee;copy_index;copy_must_drop_num;copy_must_drop_reward;copy_progress;copy_thumbnail_after;copy_thumbnail_before;description;details_boss;download_ids;drop_info_id;drop_period;drop_sr_copydisplayid;drop_sr_shipid;drop_ssr_copydisplayid;drop_ssr_shipid;evaluation_instructions;exercises_point;fail_cost;finishmission_reward;first_reward;full_name;gotowar_num_mub;id;is_boss_copy;is_influence_by_evaluate;is_match;is_open_modecheck;level_limit;link_display;max_fleet;minigame_id;mission_display;name;next_copy_id_list;norecord_power;nvn_ship_exp_up;once_seasafe;period_drop;plot_bg_lock;pskill_id;pvept_cost;random_factor_sets;rank_drop;recommend;recommend_info;recommend_tactics;recommended_attack;recommended_battle_power;recommended_speed;revive_icon_after;revive_icon_before;safe_area_hidden;save_mode;script_function_name;script_params;sea_area_unlock;search_3d;search_boss_hp_uri;ship_limit;shiplimit_desc;special_buff;special_type;split_team;sport_type;stageid;star_require;star_require_unlock;str_index;supple_cost_argu;supply_basic_cost;support_fleet_average_level_min;support_fleet_battle_ratio;support_fleet_count_max;support_fleet_target_and_effect;support_fleet_unlock_id;three_star_reward;thumbnail;title;total_supple_num;tower_prop_id_num;training_open_limit;training_strategy;training_teacher_modle;training_tips;true_assist_fleet;unlock_clear_request;unlock_next_chapter;upload_ids;use_assist_mode;warning_power",""
"cn-1.5.20","config_copy_enemy","config_copy_enemy.db","231563EA403E3729AED50C4A2DFEFA88095E823086CA2547F47FB0E5D23A6B2A",13,1,12,0,"aircraft;angle_spped;attack;battle_angle_speed;defence;diff_name;enmey_type;hero_id;hp;id;speed;view_range",""
"cn-1.5.20","config_copy_grade_type","config_copy_grade_type.db","81B9DB96336407C474D45797BBCD6C7E0E26E4EB0C47F0CD5C05A3ED5EE91EB1",10,1,9,0,"desc;enum_name;id;name",""
"cn-1.5.20","config_copy_rank_drop","config_copy_rank_drop.db","11170C61C66315A750624D5DE5D5F932D38FB52639FEFEBE968E0815597A02C7",2,1,1,0,"drop_group;id",""
"cn-1.5.20","config_copy_type_map","config_copy_type_map.db","573B6C6DEEC3152EBE94F9F92CF4948E5B4C3F9CAD22552E64113EE005721DAE",2,1,1,0,"id;value",""
"cn-1.5.20","config_countenance_info_queue","config_countenance_info_queue.db","D4319A09C5E33298D5EE2AA49596253AEA63C67BA96EDDFA424ABCF14119009B",135,1,134,0,"countenance_name;diff_name;duration;group;id;is_loop;queue",""
"cn-1.5.20","config_counting","config_counting.db","C6E0AB2937557513F4BD48C13EAB3996D88251FB0742E83BA44FD3C806878CF4",88,1,87,0,"id;max;refreshid",""
"cn-1.5.20","config_country_info","config_country_info.db","D742A8CD64B02692527CB2FDBDAE46650416A681C273B8AECEABC629E60FC657",13,1,12,0,"country_name;id",""
"cn-1.5.20","config_currency","config_currency.db","C14BBE32574E07A4338620056E6BEE8B8485BEB4EFC79CB5A051665AEFB0D77D",34,1,33,0,"description;drop_id;drop_path;icon;icon_multilevel_small;icon_small;id;name;quality",""
"cn-1.5.20","config_cutin_blacklist","config_cutin_blacklist.db","F01BF36A2243410462237CEF11214BD6BE933967548CCB61419DBFDFF677C7D5",4,1,3,0,"ID;ship_info_ID",""
"cn-1.5.20","config_cutin_ship_type_factor","config_cutin_ship_type_factor.db","C41B99E850CB8C7EED63A96FE5CC777649D1F00E7116642CA6E6C3C67353B689",23,1,22,0,"damage_factor;id;ship_type_id",""
"cn-1.5.20","config_daily_chapter","config_daily_chapter.db","42BCDE4F9212679B98621845095D6544C0F4E425A78454135C001246E179A1C6",9,1,8,0,"advice;challenge_time;copy_background;copy_button_deviation;copy_dropinfo;copy_image;desc;icon;id;is_available;month_extra_time;name;ship_level;ship_level_type;title;train_array_indexid;train_chapter",""
"cn-1.5.20","config_daily_finish","config_daily_finish.db","BB310927D888ABE83AB5FE69C1D0BCC6C5A26396130448B6A3C2EEE51055C2CE",11,1,10,0,"fetch_icon;fetched_icon;id;login_achievements;login_type;name",""
"cn-1.5.20","config_daily_group","config_daily_group.db","B01D7316E7AE4547BAAFC55D90AFFAD5326E427E6AD0D8DFE35FE67CEF9B8C32",5,1,4,0,"basic_drop;chapterid;copy_background;copy_button_deviation;copy_dropinfo;drop_icon;drop_info_id;extra_drop;extra_drop_info_id;first_drop;go_shopid;icon;id;is_available;is_available_show;lock_bg;period;shop_id;shop_name;shopgoods_list;show_draw_button;title_icon;treaty_basic_drop_base;treaty_basic_drop_star;treaty_dropinfo_basic;treaty_dropinfo_extra;treaty_dropinfo_pass;treaty_extra_drop;treaty_extra_drop_base;treaty_icon;treaty_id;treaty_item;treaty_pass_drop;treaty_show_buff;unlock_extract_ship_id;unlock_ship_reward",""
"cn-1.5.20","config_daily_login","config_daily_login.db","01448824D5F3198C0F70A52C8D9FC7AAC03BB228A8A9574FF3251A5CAC9C3BEA",406,1,405,0,"activity_id;fetch_icon;fetched_icon;id;login_achievements;login_type;name",""
"cn-1.5.20","config_daily_register","config_daily_register.db","419A7CAB56A5CF48F871FE44D516D0039B21B7EE0EADC1FCCA9B1B8DB0A758C1",13,1,12,0,"id;rewards",""
"cn-1.5.20","config_data_version","config_data_version.db","49B615ED24C3B4DE408104BB5A0682192EFFA0F8E7B35391C8ED49FB06731B33",48,1,47,0,"id",""
"cn-1.5.20","config_days_activity","config_days_activity.db","5B7C14C3CD57FAC4DCC5C41DDCA3F263BC666C034C03085BAC17731382F3468A",8,1,7,0,"achievements;bg;count;description;icon;id;login_achievements;name;outlinecolor;picture;selected;shop_goods;shop_id;textcolor;type",""
"cn-1.5.20","config_days_activity_limited","config_days_activity_limited.db","41A8D0CE89212502926F93C1DA77B8ACA2C30DE21BEE6FF0AF74556B84037F88",7,1,6,0,"bg;count;description;icon;id;name;outlinecolor;picture;selected;shop_goods;shop_id;task_activity;task_stage;textcolor;type",""
"cn-1.5.20","config_draw","config_draw.db","DEC10A24BCB575C166348235EBE930BB7500E2A649313BE2C6A7A453255C97CC",11,1,10,0,"denominator;draw_time;drop_id;type;weight",""
"cn-1.5.20","config_drop_info","config_drop_info.db","58AB0877F03CFF2952A6DB351C38A0602C67A4749BCBD7B6AF4C9EF045C78855",2047,1,2046,0,"description;drop_rate;icon;id;item_info;name;out_show_num;period;quality_bg;show_counts;show_num;treaty_item;type",""
"cn-1.5.20","config_drop_item","config_drop_item.db","DA73CFF0F68D52E563B58749507D213A458C2249DC20A4531253A68F5BEB449E",2693,1,2692,0,"drop;drop_alone;drop_alone_count;drop_count;drop_rate;id;is_put_back;name;no_gain_first;used_count",""
"cn-1.5.20","config_eca_action","config_eca_action.db","A06DF2869EC23CEDC2C475A3D5D694D2D7E667FC70CF0C35E93AA188E3D9251F",22,1,21,0,"action_type;id;param",""
"cn-1.5.20","config_eca_condition","config_eca_condition.db","A07FBDBFBE55CB4EFEEB37CA54981556706F68ABE972D58B26545A6182B382B8",13,1,12,0,"condition;condition_type;eca_condition_body_type;eca_condition_display_type;id",""
"cn-1.5.20","config_eca_cvalue","config_eca_cvalue.db","B3D9867881722767F1A6E0DD2CE4476FA91A2C823B2D833BC7EAB8CAB0309759",2,1,1,0,"condition_func;id;param_type",""
"cn-1.5.20","config_eca_index","config_eca_index.db","B88E99A6AE34868A5244F420599FA9CE8AF9E75EFD08BA517DD524556873E4AD",13,1,12,0,"action_id;conditon_id;event_params;event_type;id",""
"cn-1.5.20","config_effect","config_effect.db","E9BB1C21DA69E9CBCF279618611CC4335FD957E651BC9BA7A5B6F65FB2761A4B",518,1,517,0,"audio_switch;duration;e_id;effect_model;max_num",""
"cn-1.5.20","config_effect_bind","config_effect_bind.db","4898569872B355D8053F6457F6EB3F7343C84B31DC857521026094CEEB69B14D",1188,1,1187,0,"audio_id;bind_type;delay_show_time;delay_time;eb_id;ebp_id;effect_id;euler_delta_x;euler_delta_y;euler_delta_z;move_ebp_id;pos_delta_x;pos_delta_y;pos_delta_z;shield_axis",""
"cn-1.5.20","config_effect_bind_path","config_effect_bind_path.db","E7F1A01D2AA8863A5B9F8186695D0139F45B3655DE3C23E7DA2A70F369B4E2F7",397,1,396,0,"ebp_id;model_path",""
"cn-1.5.20","config_emoji","config_emoji.db","CFC265B9725E1EE54D734AF66764AAEBD192D5BD658BC211E29654B19B14F724",123,1,122,0,"id;item_id;item_unlock;name;picture;plot_id;unlock_tip",""
"cn-1.5.20","config_emoji_pack","config_emoji_pack.db","EA49E2F16DD2AE694E9204896046F27E73DFEF03A80F61212F3A71F2A393FBBD",3,1,2,0,"id;picture;type_name",""
"cn-1.5.20","config_equip","config_equip.db","1F688F0DE212306CF8D2C462ABB40FF7E4DB3DFAAFA891F7BB1560BB4F7C8F5A",1004,1,1003,0,"activity_equip;activity_id;copy_display_id;dismantling_get;drop_path;e_id;energy_name;enhance_level_max;enhance_prop;equip_prop;equip_ship;equip_skill_anim_eb_id;equip_srp_id;equip_trap_ste_id;equip_type_id;equip_type_id2;ewt_id;existence;icon;icon_small;max_energy;max_number;name;no_pack;no_resolve;period;picture_show;quality;renovate_skill;reward;rules;ryza_formula_id;ryza_type;ryza_type_num;skill_array;skill_fashion_id;star_max",""
"cn-1.5.20","config_equip_activity_extrapoint","config_equip_activity_extrapoint.db","165A811FFE09C2EE83C756C8C2320DBEFD6633FFC9B654A92DC2654E5D3335A6",11,1,10,0,"desc;extra_point_rate;id;parameter;type",""
"cn-1.5.20","config_equip_ehhance_item","config_equip_ehhance_item.db","4160DDC5AAB708C239A825ED0ED033EE650003C52EBF86DBA922333D454E0E86",4,1,3,0,"description;exp;icon;id;name",""
"cn-1.5.20","config_equip_enhance_item","config_equip_enhance_item.db","7BF34C61EB69C5FC165D82BE0044A621184C7F8AA818CF425EB11E73D0000522",5,1,4,0,"description;drop_path;enhance_level_limit;exp;icon;id;name;quality",""
"cn-1.5.20","config_equip_enhance_level","config_equip_enhance_level.db","120841EEFF5D1372880BAF2CB0308D090CF909696EABE083ECC3C95BEA546DDE",31,1,30,0,"enchance_level;exp",""
"cn-1.5.20","config_equip_enhance_level_exp","config_equip_enhance_level_exp.db","BB30549BBED06B291696A36F0523A5E5BDBCC53AD2C83110E1A7C313007FFA34",31,1,30,0,"enchance_level;exp",""
"cn-1.5.20","config_equip_enhance_level_ur","config_equip_enhance_level_ur.db","568A86D8112E9B1C344BB66D6879215965475F84D8CB42827492D479CCD460C6",36,1,35,0,"enchance_level;item_cost",""
"cn-1.5.20","config_equip_enhance_renovate","config_equip_enhance_renovate.db","3F6F1E91E97541537B1863E7F1A529572EB2A21247D0481FC3BBFC8FBE42A59D",7,1,6,0,"equip_self_count;item_array;need_enhance_level;renovate_level",""
"cn-1.5.20","config_equip_fashion_showtype","config_equip_fashion_showtype.db","A32CCB14EF75E77FD4EADB2A9E4642BBB65E100581C613A79CEC7B5CFB0037A2",6,1,5,0,"fashion_id;name;type_id",""
"cn-1.5.20","config_equip_fashion_type","config_equip_fashion_type.db","E755F2DC8904900B98697450340A85AC9388AED46A2395A31772059A1A29849F",40,1,39,0,"equip_type;equippicture_type;type_id;type_name",""
"cn-1.5.20","config_equip_levelbreak_item","config_equip_levelbreak_item.db","DC04841E97D0CF03DD172998B5772798A2BE98A4CE5AB8694A526F4AB351F4DB",3,1,2,0,"item_cost;level_id;level_rank;unlock_item",""
"cn-1.5.20","config_equip_skill_type","config_equip_skill_type.db","2331BFC1E208EBA065E3B1C54CFF146036AD4CB3C02F2E131E1DFA1A7B7F3BB4",23,1,22,0,"aerial_attack;aerial_bomb;aerial_search;aerial_torpedo;bomb;desc;enum_name;equip_type_id;id;main_gun;second_gun;show_name;to_air;torpedo",""
"cn-1.5.20","config_equip_type","config_equip_type.db","9AD837E8E9F6BC827254CF3108D49D9B16E7FBE1CD79503DB0C3C9572B829D78",70,1,69,0,"aerial_attack;aerial_bomb;aerial_search;aerial_torpedo;bomb;calculate_type;default_equip_id;equip_supply_type;gunbattle_hit_skill_anim_detail_id;gunbattle_start_skill_anim_detail_id;id;main_gun;search_hit_skill_anim_detail_id;search_start_skill_anim_detail_id;second_gun;show_name;to_air;torpedo",""
"cn-1.5.20","config_equip_wear_type","config_equip_wear_type.db","187D17E5B2CAC13943C0C64C546CFD5C06E307A080CFCE94E21029C132F53AD3",32,1,31,0,"equip_show_name;ewt_desc;ewt_id;order",""
"cn-1.5.20","config_escape_type","config_escape_type.db","1909E4AC550B8A9186EC29F4478893FA881A5B4F285CFD70482ACA136E0B5DF9",4,1,3,0,"desc;enum_name;id",""
"cn-1.5.20","config_evaluate","config_evaluate.db","06600839215D1AFFFE36FAD109D6DAF5D042201ABBE8FBD4F8A3713C183F4D87",235,1,234,0,"description;id;require_condition;require_condition_argument1;require_condition_argument2",""
"cn-1.5.20","config_example","config_example.db","453E688D8BE6F8B9849D4F8E3AC922BBCDF4BF647527CAC653D19E4D77BBEFBD",4,1,3,0,"description;id;require_condition_list",""
"cn-1.5.20","config_expand_item","config_expand_item.db","6A727D8568B484491D2AFC6B12F575AAC0AFD56F8FD122DD38EF6E0D8C461DA8",3,1,2,0,"description;expand_num;icon;id;name;quality;reward;type",""
"cn-1.5.20","config_expedition_set","config_expedition_set.db","AC742D9D08B0CE7DEC81B6BB451E6A6540E6CF51521FBA0B7CA3A086F3C8BFC8",6,1,5,0,"count;front_id;id;max_number_sametime;name;refresh_time;tasks;type",""
"cn-1.5.20","config_expedition_task","config_expedition_task.db","68D63604F33BB96083FE26CE6E9F02DA7570EF640AAE5E5D4331CF378BE9E10E",412,1,411,0,"desc;extra_require;extra_require_desc;fast_finish_item;fixed_reward_number;icon;id;level_max;level_min;name;need_one_ship_level;random_reward;random_reward_probability;random_reward_rewise;regular_reward1;regular_reward1_revise;regular_reward2;regular_reward2_revise;regular_reward3;regular_reward3_revise;regular_reward4;regular_reward4_revise;resources;show_level;team_ship_count;time;time_limit;weight",""
"cn-1.5.20","config_export_damage_type","config_export_damage_type.db","6C14E37F50B0B1B117BDC6F031D4E7AA244D3ABC5FBC649E0E0AF06159549C30",6,1,5,0,"desc;enum_name;id",""
"cn-1.5.20","config_export_func","config_export_func.db","07256BDCCFD069D6B97CD57BA922A866B69B06803BA9C3415340489D8E036C1E",19,1,18,0,"damage_formula;damage_type;id",""
"cn-1.5.20","config_extract_mail","config_extract_mail.db","A66E08C40E0FD90BF3246206D526DD41EF97CCA90C53705E7E6505913A074AFC",20,1,19,0,"extract_id;id;name",""
"cn-1.5.20","config_extract_ship","config_extract_ship.db","EE48A303E03B1D31B4951B3737B27E6C91DAA55E915C7E427F8BBB964D2A1697",207,1,206,0,"activity_id;btn_num;btn_one_text;btn_ten_text;button_effect;button_image;change_desc;change_show_pic;change_type;change_up_name;changetime;close_draw_id;close_draw_num;close_ship_id;close_time;desc;drop_item_id;expend;explore_image;extract_reset_type;extract_type;force_open_time;free_explore_period;free_explore_refresh;free_explore_type;free_ten_explore_refresh;helpinfo_title;hundred_reward;hundred_tips_image;hundredleasttentimedesc;hundredrewarddesc;hundredtenrewarddesc;hundredtimedesc;id;is_preview;is_show_time;isshow_special_desc;name;name_pic;new_period;new_period_area;new_ten_expend;newtwentyleasttentimedesc;newtwentyrewarddesc;newtwentytenrewarddesc;newtwentytimedesc;onetimedesc;open_by_boss;open_daily_condition;open_limit;reset_type;reward_name;reward_tips_image;reward_type;ship_image;show_appear_num;show_draw_id;show_order;show_pic;show_ship;special_change_reward;special_draw_id;special_info;special_reward;speical_ship_id;sr_up_ship_info;ssr_up_ship_info;statue;tag_duration;tag_group;tag_name;tentimedesc;time_desc;toggle_bg;toggle_check;twenty_drop;twenty_drop_name;twentyleasttentimedesc;twentyrewarddesc;twentytenrewarddesc;twentytimedesc;type;up;up_list;up_name;up_type",""
"cn-1.5.20","config_extra_skill","config_extra_skill.db","E031BF2E5B6EF267C0E37628E059ED29E42F8B203EC48C636BEDF8915AC2B20A",21,1,20,0,"cd;delete_time;icon_disable;icon_normal;icon_select;limit_count;name;pskil_group_array;ship_copy;skill_id",""
"cn-1.5.20","config_fashion","config_fashion.db","67A3AFB5568F0D0908B285F818664A54A9FA973A2E5E319A461B429081DA8BB5",1393,1,1392,0,"belong_to_ship;belong_to_ship_group;cv_show;description;fashion_showicon;get_id;get_language_id;get_p1;get_type;icon;icon_ka;icon_small;id;is_appear;is_default;limit_p1;limit_tip;limit_type;name;order;quality;quality_show;repeat_rewards;ship_show_id;shop_id;skill_fashion_id;type;unlock_action",""
"cn-1.5.20","config_flagsystem","config_flagsystem.db","E7FB7C480B19DBB259967405CE4881AA4E23A1C8070A357EDD0ADCEA2A993151",166,1,165,0,"function_open;id;param",""
"cn-1.5.20","config_flag_res","config_flag_res.db","4F90329FC5BEE592EC9B54572372D47F092F1726E445E90B77EDA86057B67704",8,1,7,0,"number;res_path;type",""
"cn-1.5.20","config_fleep_speed","config_fleep_speed.db","0D12CD12366BBEF9B982BB9C5EBC1160AB5CE9E1D01EEA4167FD3EAB36475F49",5,1,4,0,"desc;enum_name;id",""
"cn-1.5.20","config_fleet","config_fleet.db","59BA00640C2667F2864AB1A40778C82C97D6DBD23C4E6F7BB07557E7BFB92060",3670,1,3669,0,"ai_battle_limit_length;air_attack_plane_speed;air_search_plane_speed;baf_id;battle_assess;battle_center_pos;battle_radiu;battle_time;battlefield_info;birth_sp_id;chase_speed;copy_attacheds;copy_attacheds_formation;copy_enemys;copy_enemys_formation;copy_type;daily_extra_drop;day_battle_anim;day_bgm;default_threat;detect_air_cd;detect_air_range;detect_air_view_radius;display_name;drop_id;f_id;fleet_icon;fleet_ui_eb_id;fleet_ui_effect_roots;is_influence_by_evaluate;is_last_fleet;is_plane_continental;lighting_shells_cd;longNight_battle_time;long_health_enemys;long_night_bgm;night_battle_anim;night_battle_time;night_bgm;other_drop_arg;other_drop_id;other_drop_ids;patrol_speed;plane_attack_cd;player_exp;random_factor;recommend_ce;search3d_item_id;settle_drop_arg;settle_drop_id;settle_drop_ids;settlement_assess;ship_exp;supple_consumption;support_speed;team_attack_switch;threat_id",""
"cn-1.5.20","config_fleet_auto","config_fleet_auto.db","048203B81963C267AADEEE33ECDE977CC049755BB8DA951DEB61D3229751FCFB",6,1,5,0,"avoid_torpedo_duration;battle_speed;cd_range_switch;cd_skill;cd_skill_begin;fa_id;search_auto_air_attack_a1;search_auto_air_attack_a2;search_auto_air_attack_a3;search_auto_air_attack_b1;search_auto_air_attack_b2;search_auto_air_attack_b3;search_auto_airattack_switch;search_auto_explore_switch;search_fatigue_threshold;search_speed;weight_additionalSkill;weight_air_attack;weight_dive;weight_main_gun;weight_range_far;weight_range_middle;weight_range_near;weight_torpedo;weight_vice_gun",""
"cn-1.5.20","config_fleet_copy_type","config_fleet_copy_type.db","1B501621B84BB0B83071C28051F9A57EBB725D000D004DCC929DF2EE4979F81B",4,1,3,0,"desc;enum_name;id",""
"cn-1.5.20","config_fleet_patrol_pos","config_fleet_patrol_pos.db","22F0BBEA728A762CC36CE1C84B9EE50E348411AF017D4BC853E42B228E37F23D",1312,1,1311,0,"f_id;fpr_id;sp_id",""
"cn-1.5.20","config_fleet_patrol_route","config_fleet_patrol_route.db","CDA4BDE069F5225141D692339A849B14944190E825318C75BB91CFD775DA6E15",3245,1,3244,0,"f_id;fpr_id;order;sp_id",""
"cn-1.5.20","config_fleet_relation","config_fleet_relation.db","E626006AE3B44061894DD61121652B699E6F5E7A3474E6917E8A2DEE908975FB",5,1,4,0,"desc;enum_name;id",""
"cn-1.5.20","config_fleet_speed","config_fleet_speed.db","0A8430EBC8A78D0CA96D3BB3F09D72F80B4ED03AD3CCD3FA1D43A07E4D765CFB",4,1,3,0,"desc;enum_name;fatigue_a_speed;fatigue_b_speed;id;rotate_speed_fac;speed_fac_pve;speed_fac_pvp_battle;speed_fac_pvp_search",""
"cn-1.5.20","config_food_compose","config_food_compose.db","14FB1D7C164043D0BB251BEBAEBC0BC6AAAE937CEC97DA45F7CB0C1A7B628918",61,1,60,0,"hide;id;item;material;reward;type",""
"cn-1.5.20","config_formation","config_formation.db","A6498DDA7DFF81EAA6E7BF6AE4CEBA341967F7458D853C7C6477BAE4367B09DF",9,1,8,0,"camera_path;desc;enum_name;id;img_resource;is_player_form;look_queue;look_ship_side_camera_id;look_ship_side_camera_path;look_ship_side_queue;min_num;qishe6_nomal_group_id",""
"cn-1.5.20","config_formation_pos","config_formation_pos.db","2445137F4220B490EEA4821D6BA50FDA4DE35A94068EF81C33B7C79B29BC38A6",13,1,12,0,"delta_x;delta_y;f_id;fp_id;p_id",""
"cn-1.5.20","config_formation_pos_ui","config_formation_pos_ui.db","4025C4475F00578C882F220EFCC1DE6F8912DCF4CACBFC9EE3B29DAD7D384BD5",99,1,98,0,"delta_x;delta_y;form_id;fpu_id;order_id;scale;ship_num",""
"cn-1.5.20","config_form_change","config_form_change.db","F772D74681E13ECACF0915F68D0A583E6A818EED04741F032470B293D519075A",21,1,20,0,"base_point;fc_id;form_from;form_target;play_duration",""
"cn-1.5.20","config_form_change_point","config_form_change_point.db","43981E01CF6245616C56BE4786985576EBCC081AD9BB6609CBFC345F6A1A806A",256,1,255,0,"base_point;delta_x_percent;delta_z_percent;fc_id;fcp_id;move_point;order;time_percent",""
"cn-1.5.20","config_fragment","config_fragment.db","08FF8A0E8686DD9FEC722A1B1B9AE0DC14D5B1095A7DC09FB8E0E73C0D3AAB1B",9,1,8,0,"amount;coin;description;icon;icon_small;id;item_id;name;quality",""
"cn-1.5.20","config_function_info","config_function_info.db","B946FE065C11D3CEDCE2BCDF7014B3A345FE2EDA5970AA469912848DBA58CA4D",107,1,106,0,"comment;copy_id;description;fi_id;focus;goto_parm;guideId;icon;icon_Lock;icon_effect;icon_push;is_open;is_open_page;is_tanchuang;level;lookLevel;name;open_show_name;orAnd;page_icon;page_name;page_name2;sum_function;task_id",""
"cn-1.5.20","config_game_limits","config_game_limits.db","FA01AB16BE005733D03182634EFF912571E190C684BB9508F7F0D167D5926EF7",571,1,570,0,"client_ignore;desc;id;limit_param;limit_type;next_level_id;operation;script_name",""
"cn-1.5.20","config_gift","config_gift.db","6E9F1F56EA5B778C9C91E9C7CA624BE94FF9AC89671348E27547A28F273199D5",6,1,5,0,"description;gift_type;icon;id;match_value_group;match_value_power;match_valueup_rate;name;not_match_value_group;not_match_value_power;notmatch_valueup_rate;price;quality;quility_background",""
"cn-1.5.20","config_goods_battle","config_goods_battle.db","E6F297725F9F08CD18D26F35B155ACB74AA45E1061B882F669A5E027663D64BF",7,1,6,0,"buff_id;buff_name;id;name;type_icon",""
"cn-1.5.20","config_guide_compensation","config_guide_compensation.db","D8C10799697E3549A3FF09BF0D979047CB34986CE200599A600452F57650A99C",7,1,6,0,"compensation_list;id;step_interval",""
"cn-1.5.20","config_guildactivityrankreward","config_guildactivityrankreward.db","DFAFA3D6ADF5FA0A6197F217D2F1D41356019D12C5A831917351E3BDA0EE9682",7,1,6,0,"id;ranklist;reward;score",""
"cn-1.5.20","config_guildactivityrate","config_guildactivityrate.db","3EB5CD37923F3B38B4D1533EFEDFFF29603C78969EF4CEEAEDBCFD18868B3052",16,1,15,0,"id;rate;requireitemnum",""
"cn-1.5.20","config_guildactivitytask","config_guildactivitytask.db","3B6C947CD4E560F2025AF380ACF68D5A725EEEEE22F5E7614E7164E677EF8C3C",72,1,71,0,"belong;count_type;desc;finishnum;go_up_to;goal;id;order;reward;score",""
"cn-1.5.20","config_guildboxparam","config_guildboxparam.db","0EE2F6948B2F911D3A3C4BC4B8EAD2856B11513522AFD19BCFDF8ECDA4753FB9",5,1,4,0,"id;image;num",""
"cn-1.5.20","config_guildboxscore","config_guildboxscore.db","F45115A59A23A67CA053F4156108FEDCDCF9842E8ADDCEF6E2C4D30C9F26C16B",2,1,1,0,"id;maxnum;reward;score",""
"cn-1.5.20","config_guildfunction","config_guildfunction.db","0BAB75E36680B2901B0CBECD12405E709B6B777EC6D4F419A26E83AE4D169D70",2,1,1,0,"id;name;openlevel",""
"cn-1.5.20","config_guildlevel","config_guildlevel.db","9C0C67B78B8D22749D4BFD2C1645007576F408D3E307D8D91827C71C7C88DFEF",11,1,10,0,"addition_reward_list;enter_num;guildlevelupexp;id;max_exp;playernum;reward_weight;tasknum",""
"cn-1.5.20","config_guildoffer_guildrankreward","config_guildoffer_guildrankreward.db","3A347BF2B369A69589FC77403B80C28B8CAA5976792F8BADB6AEE944FF9A1AEA",7,1,6,0,"id;limitscore;rankid;reward",""
"cn-1.5.20","config_guildoffer_info","config_guildoffer_info.db","3BC1E2F49889B755BD27939E0FBEE2B697DFAD6FE49F5F27A3E74D492A1BB436",2,1,1,0,"apply_max_num;guildrewardmail;id;maxbuytime;noguild_name;personrewardmail;priceincrease;quality_task_num;rank_minscore;task_bg;ticketprice",""
"cn-1.5.20","config_guildoffer_perscorereward","config_guildoffer_perscorereward.db","E9424779D88934E0368C6C779B6746208BBD37ABAEAB462262A72F62B63C6715",36,1,35,0,"id;reward;score",""
"cn-1.5.20","config_guildoffer_rankreward","config_guildoffer_rankreward.db","72F6027CD50F6D4742B089034A33A661AE1B1ABD0B6BD014636F353CBC70A6AB",2,1,1,0,"id;rankid;reward",""
"cn-1.5.20","config_guildoffer_scorereward","config_guildoffer_scorereward.db","ACE059C3B0BC404B11B6CA226A0090D420816527FD0EBA6770415F86981EA8FA",26,1,25,0,"id;personscore;reward;score",""
"cn-1.5.20","config_guildparam","config_guildparam.db","68FC597565256C3558D7C13CDFC130F61B0D187A9C3D556E9FDFEC8E00B4E173",2,1,1,0,"acqnote;announcencdtime;applymax;applytime;campaigntime;changenamecost;dismisslimit;dissolvedtime;drawcost;guildbuild;guildlv;guildnamenum;headoutlinetime;id;infonum;leastnum;limitcontribution;mailapplyfail;mailapplyouttime;mailapplysuc;mailbasicreward;mailguildbreak;mailguildcreate;mailguilddismiss;mailquitbyboss;mailquitbyself;mailtaskreward;notewordnum;publicitycost;quittime;rewardcutofftime;rewardduration;show_task_num;tasduration;task_refresh;taskcurrency",""
"cn-1.5.20","config_guildpost","config_guildpost.db","E258A325FDE1A5F938CBAA6527DAAEE1A5C468ED8FDBFBD100188D74EAD87A54",4,1,3,0,"apply_task_num;changehead;changename;changenote;changesec;examine;guildtask_finish_num;icon;id;num;post;quit;quitself",""
"cn-1.5.20","config_guildwar_base_info","config_guildwar_base_info.db","991A622E4A0B87CB9A664F830AD0D7CB1B64A67E73CE5994DA75878F51CA3C0E",5,1,4,0,"camera_position;camera_rotate_position;copydisplay_id;desc;id;lap;lap_name;pic;stage;stage_level;stage_reward",""
"cn-1.5.20","config_guildwar_rank","config_guildwar_rank.db","020215619475C84EA2A570EAFBF875E53B2C9618C4A4982B966BF9758FC130BD",10,1,9,0,"id;range;range_desc;rank_name;rank_pic;rank_reward",""
"cn-1.5.20","config_guildwar_reward","config_guildwar_reward.db","965188D3A324421C2A6C50F63E41047BD231A45F2195CDCB0C02245739E99322",17,1,16,0,"base_id;battle_reward;damage_rate;damage_rate_reward;guild_reward;id;kill_reward;stage",""
"cn-1.5.20","config_gun_range","config_gun_range.db","E8B366048E0DA7CCC3B475ADA9043EECC770CE618F4B7AAA4A82DC3D90FF2AF9",5,1,4,0,"desc;enum_name;id",""
"cn-1.5.20","config_gun_range_type","config_gun_range_type.db","AEEE830FEF6F009D66639EACD53CF62C299F24AB00F1B9D3DBD7B81BCD6D7048",5,1,4,0,"enum_name;id;show_word",""
"cn-1.5.20","config_handbook_behaviour_index","config_handbook_behaviour_index.db","287A52F0CA5D3362575E8359496A17D8821E9E8045C529EEAC3C78C3FB8B7261",71,1,70,0,"behaviour_name;default_lock;dressup_type;id;ship_dialogue;special_name",""
"cn-1.5.20","config_help_text","config_help_text.db","9C527DEB3E53DF2AF75A1EAAE677AC7A076780CC0E8FA662A798CF327386A18E",2,1,1,0,"content;id;systemName",""
"cn-1.5.20","config_home_activity_enter","config_home_activity_enter.db","430539BE0D9EFFCC57E73B5907E8BC1D4FC594F2D055A5965EAE7DBC0CD80FF8",49,1,48,0,"activity_copyenter;activity_icon;activity_id;activity_name;chapter_type;id;jump_function;jump_para;reddot_id;reddot_param;special_enter",""
"cn-1.5.20","config_home_page","config_home_page.db","54F4E0057C8882A3863C42FCB065BB36E683739DBEF8F97559402F0F8ECB58FF",4,1,3,0,"function_id;hp_id;zone_id",""
"cn-1.5.20","config_home_scene_envir","config_home_scene_envir.db","3DCBE29734BF6B597369A0E0C75DCEE6A1738CE2C8B5073D6012B89AD9881587",7,1,6,0,"big_activity_envir_bgm;big_activity_envir_bgm_1101;big_activity_envir_bgm_1512;big_activity_envir_bgm_6;big_activity_envir_bgm_7;big_activity_envir_bgm_ryza;envir_bgm;envir_resource;id;intaction_item_id;restrictive_condition_parameter;restrictive_condition_type;time_frame;type;weight",""
"cn-1.5.20","config_interaction_figurte","config_interaction_figurte.db","10311A98EA15ED81799851BBAC9CC4A7B94DFD1DC0A60E1342E1BCBAA45C23CE",190,1,189,0,"figure_icon;figure_name;figure_order;figure_quality;figure_scale;figure_type;id;is_drawable;origional_ship_required;ship_name",""
"cn-1.5.20","config_interaction_item","config_interaction_item.db","B8DD1C7C229EE83B1A79479C9FE57310CD5B4B8DD9BC4CC459CBBF67A617A311",143,1,142,0,"activity_id;drop_id;effect_item_name;id;interaction_event;interaction_item_attach;interaction_item_bag;interaction_item_desc;interaction_item_detail;interaction_item_name;interaction_item_pic;interaction_item_type;item_display_period;item_info_id;item_location_coordinate;item_name;item_name_dawn;item_name_night;item_show_next_item;item_show_next_item_type;item_show_previous_item;period_area;reward",""
"cn-1.5.20","config_interaction_item_bag","config_interaction_item_bag.db","41B0A812EA72357C75972FAF22F2FE284FA1562198B91F5BE13590E9EEFED267",69,1,68,0,"description;icon;icon_small;id;interactionitem;interactionitem_bag_group;item_name;item_name_dawn;item_name_night;name;picture;quality;reward;show_onoff;show_type;type",""
"cn-1.5.20","config_interaction_item_bag_group","config_interaction_item_bag_group.db","63DA0F943F7A66AB99EDD963D35CFA488EE2F14B7276F0E09A37667FD40755C4",3,1,2,0,"icon;id;interactionitem_bag;name",""
"cn-1.5.20","config_interaction_paper_cut_fomula","config_interaction_paper_cut_fomula.db","B83324CFEE5D253CA01C2BBD694CDA23F77435688B73C905D238AC69787B0BDB",127,1,126,0,"drop_id;formula;id;paper_cut;paper_cut_light_image;paper_cut_main_image;paper_cut_word_image",""
"cn-1.5.20","config_island","config_island.db","78F242F045598F887D9AE8C38665004F38B8DD9B74DECA3495DFC7AAEE2CF93E",1088,1,1087,0,"disappear_effect;i_id;icon_name;icon_scale;model;model_scale;sp_id;uicon_Inmap",""
"cn-1.5.20","config_island_group","config_island_group.db","7A3F6BBF2C1852C1830E749A7F3215B94CFA4262BB8441BFD452CA8A27C43FCC",538,1,537,0,"ig_id;island_array;name;points",""
"cn-1.5.20","config_item_exchange","config_item_exchange.db","D6924C6A82D08868C3F353E1FE1A1BE3C55EADAA856C0D6E6C6FBD5A870E9F3B",118,1,117,0,"activity_id;change_count;condition_desc;exchange_condition;id;item_consume;item_reward;refresh_id",""
"cn-1.5.20","config_item_info","config_item_info.db","ECF6E89914D6DFC2D95BB78C77F02C99691839B8807CC46917621FE16516D309",863,1,862,0,"blind_box_id;description;drop_id;drop_path;eff_time;effect_name;existtime;icon;icon_small;id;level;name;nation_text;open_type;prefab_type;price;quality;recommend_bg1;recommend_bg2;ryza_formula_id;ryza_type;ryza_type_num;saleable;score;shop_bg;show_in_shop;show_type;type",""
"cn-1.5.20","config_item_recycling","config_item_recycling.db","98404E16FF641420BF00A259799988D5349BF7FB116823F8AEDB944B157139BB",354,1,353,0,"id;item_need_recycle;item_return;recycle_type",""
"cn-1.5.20","config_item_selected","config_item_selected.db","DD492A0E596E71FC239D493B8E08EA710A179E33115EEE74EBF27733053B5662",424,1,423,0,"batch_open;bg;description;drop_id;girl_quality;icon;id;item_id;name;prefab_type;quality;type",""
"cn-1.5.20","config_item_valentine_gift","config_item_valentine_gift.db","6F591235C641E834C5025FDD95F4F1EA4D6F2BAC81EB41990E2CF487C02B8FB6",122,1,121,0,"attach_reward;description;icon;id;love_letter_description;love_letter_sign;name;quality;ship_fleet_id",""
"cn-1.5.20","config_key_list","config_key_list.db","7A063B3DD4924B16F22EE00A6C38CD1029EA16133D0212C8614169F7AAAC0FB7",229,1,228,0,"id;order",""
"cn-1.5.20","config_language","config_language.db","6D4D2AAC62F834C3B99F6B49A123E277B2BFAC22DE0EA7CE14A9261980B5013B",5526,1,5525,0,"content;id",""
"cn-1.5.20","config_left_camera_controller","config_left_camera_controller.db","3B2AD34921BBE37FA77F9E4FC00455B90839A6857695E9926D196DEAE99D4BFE",30,1,29,0,"diff_name;id;is_preemptive;next_correct_weidth;s_id;trigger_condition;trigger_search_mode;trigger_target;trigger_type;trigger_weidth;use_ship_behaviour_and_camera_states",""
"cn-1.5.20","config_level_reward","config_level_reward.db","4F6AC291B62C337682CAEE98CCC36CDA645B298640564C6475DD7446519B0497",20,1,19,0,"id;reward",""
"cn-1.5.20","config_loading","config_loading.db","6821E78D9F31FA9CC17365E0B706F88F93E203527F234DF89130568D81F7F488",23,1,22,0,"id;loading_down;loading_up;weight",""
"cn-1.5.20","config_loading_tips","config_loading_tips.db","648C65EB0348D868FAC75763F7FCA7FE8C19A121EC5E0D7AA347691DD528F910",31,1,30,0,"id;level;pl;tips;weight",""
"cn-1.5.20","config_magazine_info","config_magazine_info.db","0D941B24EA6071DA11546DBD6742342FE8E24C6293ACE53C384D622DD80D1BCA",11,1,10,0,"buff_id;condition;condition_max;content_ship;contents_left;contents_right;cover_image;cover_image_big;id;is_open;item;name;num;order;page_id;pagedown_id;period;period_area;release_lock;rewards;rewards_long;show_tag_id;special;tag_num_image;task_left_id;task_period_area;task_rewards;task_right_id;ticket_info;ticket_period_area;ticket_ship_id",""
"cn-1.5.20","config_magazine_page","config_magazine_page.db","62D5ECF62D3924871D018898DB385A43975E9F58869718443E5905F21BF1235A",127,1,126,0,"button_show;contents_desc;contents_image;id;image;image_big;magazine_info_id;page_type;ship_fleet_id;task_id",""
"cn-1.5.20","config_magazine_tag","config_magazine_tag.db","B091F5645BBA71A8EBA819C92401CDECD6C33C24AE11F74BBC9A7D4547B63491",26,1,25,0,"id;name",""
"cn-1.5.20","config_main_line_reward_arg","config_main_line_reward_arg.db","76F1AE9FA44C689C81E1D2548F78B4CDA24D3B8CFF0ADCBE502B4FD5179697C5",10,1,9,0,"character;enemy_hp_surplus_ratio_max;enemy_hp_surplus_ratio_min;enemy_survival_count_ratio_max;enemy_survival_count_ratio_min;exp_ratio;id;is_enemy_all_dead;name;other_drop_ratio;self_has_any_sink;self_hp_reduce_ratio_max;self_hp_reduce_ratio_min;settle_drop_ratio;type",""
"cn-1.5.20","config_mask_word_test","config_mask_word_test.db","AAF818CE50BF9B9D47D71E05C0744D3DA65967A038C1D7264523F451A44D98BD",5,1,4,0,"content;id",""
"cn-1.5.20","config_medal","config_medal.db","4DC4867BB78FEF5D358BE6C372189EFCE4D90783FFCB46DDD68B9DEC658DDDC4",132,1,131,0,"description;get;icon;id;name;quality;reward;show_type",""
"cn-1.5.20","config_minigame_ai","config_minigame_ai.db","3E931420D52262C9719DCEDF8F127034C6A357133780EAD1C1E09D52FB8ED73E",32,1,31,0,"area;decs;id;type;velocity_rate",""
"cn-1.5.20","config_minigame_ai_type","config_minigame_ai_type.db","A87374BDA152743129378B95CEBE951B8EA7757BFC980680DD25D52C469C8275",4,1,3,0,"decs;id",""
"cn-1.5.20","config_minigame_buff","config_minigame_buff.db","60F51ADB2656B8E8E98D5391536423427F9F414F955E2F1C69533A317E375928",19,1,18,0,"desc;id;parameter;time;type",""
"cn-1.5.20","config_minigame_buff_type","config_minigame_buff_type.db","282F8494C970C5AE7A7B4FD400D6B88B480D4F422122545680C32BD9352E638B",13,1,12,0,"desc;effect_path;id",""
"cn-1.5.20","config_minigame_copy","config_minigame_copy.db","A336C6F4AB6EC430162D48704CA3B8E996488B6C90D8BC6F18C4ACF726FA5905",124,1,123,0,"bgm;camera_info;camera_size;camera_speed;copy_order;id;item_num_show;item_random;name;next_copy;player_life;scenes;score_desc;skill_id;special_area;tips_image;victory_condition",""
"cn-1.5.20","config_minigame_infinite_copy","config_minigame_infinite_copy.db","661460EBCB8C59FC8E9B96445E5A57322A7266A3701D56F35EB1EE8FCD296A05",5,1,4,0,"copy_id;id;image;name",""
"cn-1.5.20","config_minigame_item","config_minigame_item.db","515E7F711A952BDF344600FAFBD31671A3607C181E7935D1C7B7BD605229BDD8",15,1,14,0,"buff_id;effect_desc;effect_path;id;name;p1;p2;position;respath;size;template;type;ui_resource",""
"cn-1.5.20","config_minigame_item_template","config_minigame_item_template.db","214B6D53DA3F50502877298F3975A01FAAB0DC5FB0BB0866109B8F22527E1A3B",11,1,10,0,"id;image;name",""
"cn-1.5.20","config_minigame_npc_info","config_minigame_npc_info.db","2DE7A5387D2CF29721E11E23A414409BA1F9589924BA5365A6F87C3828E6062A",46,1,45,0,"ai;drop_item;id;name;size;velocity",""
"cn-1.5.20","config_minigame_skill","config_minigame_skill.db","51DB22C38A67F2EE33D8C669F3047312E3AC36737AAECF9355B4FBF2E43D9903",4,1,3,0,"buff_id;effect_path;id;name;parameter;skill_area;skill_cd;skill_delay_time",""
"cn-1.5.20","config_minigame_special_area","config_minigame_special_area.db","62F0A0173B06CFB4334BBF0FCC3C999388F70239287A18DFB2C95651D05E26CE",99,1,98,0,"area;buff_id;decs;id",""
"cn-1.5.20","config_minigame_victory_condition","config_minigame_victory_condition.db","4DAA24228948DD04151AE04EAEB524CB78A421D26583DC03F81295BCDF541454",34,1,33,0,"id;parameter;type",""
"cn-1.5.20","config_mission","config_mission.db","FC7ACDA57F053135A053A124A46C5D3772017E05F29FE99E40EE7145E85D857C",15,1,14,0,"acceptmission_action;finish_type;finishmission_action;id;mission_display_id;mission_eca_id;mission_eca_type;nextmission",""
"cn-1.5.20","config_mission_display","config_mission_display.db","1E50D7BDFD2C9A552D9BD506B0967858B317C6A00D29C515F91451FECEBAA98B",10,1,9,0,"desc;id;mission_eca_desc;mission_eca_desc_type;name",""
"cn-1.5.20","config_model_camera_config","config_model_camera_config.db","FD31F71D6823F6D2EB03EA4EEE838BAF7FD9AC187ECD08922E4E3C1D4FB009CD",250,1,249,0,"animojiCameraRelativePos;animojiCameraRelativeRot;animojiSize;detailsCameraRelativePos;detailsCameraRelativeRot;detailsSize;getCameraRelativePos;getCameraRelativeRot;getSize;model;schoolCameraRelativePos;schoolCameraRelativeRot;schoolSize;setCameraRelativePos;setCameraRelativeRot;setSize",""
"cn-1.5.20","config_music","config_music.db","A9108DA391F60B1138E38BB69C68049D73189BB9F4170693A3E1FBA1748A6F16",14,1,13,0,"clear_other;duration;event_name;m_id;music_model;music_name;param;play;volume",""
"cn-1.5.20","config_navmesh","config_navmesh.db","91212BDFE07F54A22C3247AD4C0411BF89CE2ED3BB5F4F7FEE11D508BEAE5E17",169,1,168,0,"data;sceneID",""
"cn-1.5.20","config_novice_ship_info","config_novice_ship_info.db","369F637D84E181F9877FDB7678828C3BADECB041084CB9546C77549B6A373702",8,1,7,0,"equip1;equip2;equip3;equip4;equip5;equip6;novice_id;ship_enemy_id",""
"cn-1.5.20","config_outpost_info","config_outpost_info.db","EC18861E3EB56F4E9D79E10E83B0628AC7F7FFEA774A0E8B142D94D67E4B8ABD",11,1,10,0,"chapter_id;id;image;level_list;mood_cost",""
"cn-1.5.20","config_outpost_level","config_outpost_level.db","F27BAAF4A7C1AA0A8E6A0FB1282B4061DCD9C76C05531856A3E1AD60819542E0",71,1,70,0,"box_limit;drop_level;id;item_cost;item_return;level;next_id;outpost_id;reward;reward_show;ship_num;speedup_cost;speedup_reward",""
"cn-1.5.20","config_page_hide_type","config_page_hide_type.db","0C4F79EFA7E7917A4EF460FD1C072E6CD4ED2645BE61016F281D4EE9EF14E354",3,1,2,0,"desc;enum_name;id",""
"cn-1.5.20","config_page_switch_animation","config_page_switch_animation.db","D279B37D339FFA5C791CEE7177A46AA790C4C00E16105A079DF1D72B5D27F935",30,1,29,0,"diff_name;from_page;psa_id;switch_type;to_page",""
"cn-1.5.20","config_page_type","config_page_type.db","3995C25724E01D62A7867978CE06B6A0F5F92844720B2FBCEDBE92AE215B8507",3,1,2,0,"desc;enum_name;id",""
"cn-1.5.20","config_parameter","config_parameter.db","4F68975D8DAEA8BAEDA5A43C6CCC1C2B17E093705A0EFCEA82A507F38B6D7D8F",430,1,429,0,"arrValue;id;name;parameter;value",""
"cn-1.5.20","config_parameter_mail","config_parameter_mail.db","7BAC36FEA06018101EF1AD9380BEFE86039371F221E074641C780C58BB17D894",91,1,90,0,"id;mail_content;mail_title;mail_title_eng;related_system",""
"cn-1.5.20","config_parameter_mail_test","config_parameter_mail_test.db","128D35C5C97E10BE1CE296A44FC7FB7F702D1645DCD212BAAB422CA10485E5B8",7,1,6,0,"id;mail_content;mail_title;mail_title_eng;related_system",""
"cn-1.5.20","config_period","config_period.db","C8C554FB673E906D5FA272C7E3493320CE706958F344A089259914B331A084DD",970,1,969,0,"duration;duration_list;end_time;id;p1;p2;p3;p4;p5;p6;start_time;type",""
"cn-1.5.20","config_pet_main","config_pet_main.db","551289C5E3F01DF373881DFA7C74052123A4BC84BC6F56AEB2D68539D53921F2",5,1,4,0,"defult_prop;desc;equip_id;icon;id;name;nomarl_show_id;position;pskill_group_nomarl;pskill_wakeup;scale;usestate_loop;usestate_restore;usestate_settlement;usestate_wakeup;wakeup_show_id",""
"cn-1.5.20","config_pet_pskill_display","config_pet_pskill_display.db","6AD35A06185F83F40C98013F36D17F4A808789C9052C23628FA80F7EBE628431",6,1,5,0,"id;pet_main_id;pskill_main_id;skill_release_group_id;use_state",""
"cn-1.5.20","config_player_head_frame","config_player_head_frame.db","B6D96CE8FBD344BBBCFB4B76255199B941F83A3BDF4C9A255056F1F89FCD9DBC",129,1,128,0,"description;icon;icon_small;id;name;quality",""
"cn-1.5.20","config_player_levelup","config_player_levelup.db","96BD27691273F6212A6C5826080DCCDC00A3E623733A61A4082BCE9057E30C2C",101,1,100,0,"exp;friends_count;level;levelup_rewards;month_supply_max_add;month_supply_speed_add;pvept_num;pvept_recovery;supply_increase_speed;supply_max_limit;tactic_poin;world_chat_count_limit",""
"cn-1.5.20","config_plot_episode","config_plot_episode.db","6F8ACA0A5DB1BAEF2AB19D13D5656493B3AA20746BD99D8FFEB65BA1CF8E44B4",2342,1,2341,0,"Gradually_appear;Gradually_disappear;auto_next_time;auto_read;barrage_ctrl;black_scene;black_scene_timing;branch1_parameter;branch2_parameter;branch3_parameter;branch4_parameter;content;cut_scentence;dialog_animation;initial_position_offset;is_mask;log;meanwhile_ship;mirror;other_talker_next_position;plot_episode_branch1_name;plot_episode_branch2_name;plot_episode_branch3_name;plot_episode_branch4_name;plot_episode_end_event;plot_episode_id;plot_episode_skip;plot_episode_step_id;plot_episode_type;scene_res_path;scene_type;screen_animation;screen_effect;step;talker_expression;talker_id;talker_initial_position;talker_name;talker_next_position;talker_tween;text_size",""
"cn-1.5.20","config_plot_episode_audio_character","config_plot_episode_audio_character.db","8387673760C593B5FD1876BA9E8592E60C02A83221ED940FCD09FCD5BCBCF7E9",8304,1,8303,0,"audio_effect;audio_id;background_music;content;exchange_music;plot_episode_id;plot_episode_step_id;preload;scene_type;step;talker_name",""
"cn-1.5.20","config_plot_episode_audio_event","config_plot_episode_audio_event.db","9843383AC4E38B24588A9A85AE818DAC6C406F3CCA6187C6F6B618356F64C065",11543,1,11542,0,"audio_effect;audio_id;background_music;content;exchange_music;plot_episode_id;plot_episode_step_id;preload;scene_type;step;talker_name",""
"cn-1.5.20","config_plot_episode_audio_main","config_plot_episode_audio_main.db","BC058F16556B40B7165648F025036EB773A97793B86402520D26F4C729D6A33A",10940,1,10939,0,"audio_effect;audio_id;background_music;content;exchange_music;plot_episode_id;plot_episode_step_id;preload;scene_type;step;talker_name",""
"cn-1.5.20","config_plot_episode_audio_wedding","config_plot_episode_audio_wedding.db","8A30E433125F9C78C46D067469B38C162F9CFA58A6C72202C01F25672CF6FF3A",706,1,705,0,"audio_effect;audio_id;background_music;content;exchange_music;plot_episode_id;plot_episode_step_id;preload;scene_type;step;talker_name",""
"cn-1.5.20","config_plot_episode_branch","config_plot_episode_branch.db","375BDA2C824BB27CB9AF6683547BE0CEC9074FDFE38D0D61F4420CCF7D3704F5",3,1,2,0,"branch_content;branch_id;branch_parameter;branch_type",""
"cn-1.5.20","config_plot_episode_character","config_plot_episode_character.db","D0937E8C58DF16B22A9EC5A1CA9D57A235A287103C4E217BA2C6748DFF34A7B2",8304,1,8303,0,"Gradually_appear;Gradually_disappear;auto_next_time;auto_read;barrage_ctrl;bg_animation;black_scene;black_scene_color;black_scene_timing;branch1_parameter;branch2_parameter;branch3_parameter;branch4_parameter;content;cut_bg_animation;cut_scentence;cut_screen_effect;dialog_animation;initial_position_offset;is_mask;log;meanwhile_ship;mirror;multistep_branch;new_screen_effect;other_talker_next_position;plot_episode_branch1_name;plot_episode_branch2_name;plot_episode_branch3_name;plot_episode_branch4_name;plot_episode_end_event;plot_episode_id;plot_episode_skip;plot_episode_step_id;plot_episode_type;scene_res_path;scene_type;screen_animation;screen_effect;ship_scale;show_dialog;static_scene_res_path;step;talker_expression;talker_id;talker_initial_position;talker_name;talker_next_position;talker_tween;text_size",""
"cn-1.5.20","config_plot_episode_effect","config_plot_episode_effect.db","401ECFCFBBAB785F9C4E526ADC71D962F841630FD97850E836CB3135071E7D8A",43,1,42,0,"effect_id;effect_res",""
"cn-1.5.20","config_plot_episode_event","config_plot_episode_event.db","D83E49DA893BF68A0EA86FF5819AB56D38BC3AFDBD00342A13E8F07427AA31F7",11543,1,11542,0,"Gradually_appear;Gradually_disappear;auto_next_time;auto_read;barrage_ctrl;bg_animation;black_scene;black_scene_color;black_scene_timing;branch1_parameter;branch2_parameter;branch3_parameter;branch4_parameter;content;cut_bg_animation;cut_scentence;cut_screen_effect;dialog_animation;initial_position_offset;is_mask;log;meanwhile_ship;mirror;multistep_branch;new_screen_effect;other_talker_next_position;plot_episode_branch1_name;plot_episode_branch2_name;plot_episode_branch3_name;plot_episode_branch4_name;plot_episode_end_event;plot_episode_id;plot_episode_skip;plot_episode_step_id;plot_episode_type;scene_res_path;scene_type;screen_animation;screen_effect;ship_scale;show_dialog;static_scene_res_path;step;talker_expression;talker_id;talker_initial_position;talker_name;talker_next_position;talker_tween;text_size",""
"cn-1.5.20","config_plot_episode_expression","config_plot_episode_expression.db","E5CEB7A3B5F686E493C47A1187FB7E1904062266D0068377325B5DAEAAF31D9B",1940,1,1939,0,"expression_des;expression_id;expression_res;talker_id",""
"cn-1.5.20","config_plot_episode_main","config_plot_episode_main.db","E8C4C6F6B1DB9325F44ED92709C326A3B3C26F143E4711A0BA543E80FD4EE524",10941,1,10940,0,"Gradually_appear;Gradually_disappear;auto_next_time;auto_read;barrage_ctrl;bg_animation;black_scene;black_scene_color;black_scene_timing;branch1_parameter;branch2_parameter;branch3_parameter;branch4_parameter;content;cut_bg_animation;cut_scentence;cut_screen_effect;dialog_animation;initial_position_offset;is_mask;log;meanwhile_ship;mirror;multistep_branch;new_screen_effect;other_talker_next_position;plot_episode_branch1_name;plot_episode_branch2_name;plot_episode_branch3_name;plot_episode_branch4_name;plot_episode_end_event;plot_episode_id;plot_episode_skip;plot_episode_step_id;plot_episode_type;scene_res_path;scene_type;screen_animation;screen_effect;ship_scale;show_dialog;static_scene_res_path;step;talker_expression;talker_id;talker_initial_position;talker_name;talker_next_position;talker_tween;text_size",""
"cn-1.5.20","config_plot_episode_ship","config_plot_episode_ship.db","4B34F32365E71749C371A45130CE18CA4D42BE9674736FD8026F3673D62C4497",467,1,466,0,"euler;expression_point;left_ship_center;middle_ship_center;mirror_left_ship_center;mirror_middle_ship_center;mirror_right_ship_center;right_ship_center;ship_id;ship_name;ship_res_path",""
"cn-1.5.20","config_plot_episode_trigger","config_plot_episode_trigger.db","224416D8650F4356CD49F9DC9B6D806E21B6083D6A54712B4229969E205BCB26",2329,1,2328,0,"plot_copydisplay_id_end;plot_copydisplay_id_end_branch;plot_episode_id;plot_episode_reward;plot_steps;plot_tableName;plot_trigger_end;plot_trigger_id;plot_trigger_parameter;plot_trigger_type;plot_trigger_type_id;repeat_trigger;rewards;trigger_switch",""
"cn-1.5.20","config_plot_episode_tween","config_plot_episode_tween.db","F32D09A6CEF1C35EB965E4EDB2A685517D2AE11FDF7AB535C668509F64FFBAE4",256,1,255,0,"delay_time;talker_action_from;talker_action_number;talker_action_oncetime;talker_action_to;talker_action_type;talker_action_x;talker_action_y;talker_action_z;talker_tween_type;tween_id",""
"cn-1.5.20","config_plot_episode_wedding","config_plot_episode_wedding.db","7FBD8B948182B6AEB0D60CF84D7520C55315AE72CF3ECFA9B53C3EA60450EF9B",706,1,705,0,"Gradually_appear;Gradually_disappear;auto_next_time;auto_read;barrage_ctrl;bg_animation;black_scene;black_scene_color;black_scene_timing;branch1_parameter;branch2_parameter;branch3_parameter;branch4_parameter;content;cut_bg_animation;cut_scentence;cut_screen_effect;dialog_animation;initial_position_offset;is_mask;log;meanwhile_ship;mirror;multistep_branch;new_screen_effect;other_talker_next_position;plot_episode_branch1_name;plot_episode_branch2_name;plot_episode_branch3_name;plot_episode_branch4_name;plot_episode_end_event;plot_episode_id;plot_episode_skip;plot_episode_step_id;plot_episode_type;scene_res_path;scene_type;screen_animation;screen_effect;ship_scale;show_dialog;static_scene_res_path;step;talker_expression;talker_id;talker_initial_position;talker_name;talker_next_position;talker_tween;text_size",""
"cn-1.5.20","config_privilegedesc","config_privilegedesc.db","D9D021C30E507B676684448C6F547E501E47A8C3676794E3A64F6E6EE9BFFDF7",19,1,18,0,"desc;id;texttitle",""
"cn-1.5.20","config_profile","config_profile.db","821BD6DBA8B06FF0647E368DF6487AB9F8FFA5956969C9D59954744A91FFA531",348,1,347,0,"belongshipid;cost;costrate;default;desc;dropdesc;fashion;icon2;id;image;name;shownew;type",""
"cn-1.5.20","config_prohibit_speed","config_prohibit_speed.db","E1A1251123E155F0CB1E79BB6034D74125015BB79BD14D2E24C8EF2B7A840D2F",2,1,1,0,"prohibit_lv;prohibit_num;prohibit_switch;prohibit_time",""
"cn-1.5.20","config_prop","config_prop.db","08EBC1E463D7E33C4F0C836B45802982AD75FF28D671B5CA07408D1BD7219CB9",485,1,484,0,"attack_coefficient;attack_value;default_value;defense_coefficient;defense_value;desc;enum_name;id;prop_value_type",""
"cn-1.5.20","config_pskill_dict_buff","config_pskill_dict_buff.db","03C455DCC1C652A514ED313CF0CA3A9C2041A3D5E489C9CAAE5546B14F115F6E",1975,1,1974,0,"action_stage;buff_add_max_count;buff_add_type;buff_ai_id;buff_ai_priority;buff_creat;buff_duration_type;buff_duration_value;buff_duration_value_add;buff_factor_id_array;buff_group_id;buff_show_group_id;buff_show_id;buff_trans_data;buff_type;conflict_buff_id;force_clean_flag;id",""
"cn-1.5.20","config_pskill_dict_buff_cb_con","config_pskill_dict_buff_cb_con.db","E1D10D35A681CC57F133DF73C589B5B45BC1CEB7E9AE222AAB4F94013AF7AD1F",48,1,47,0,"condition_type;id;target;value",""
"cn-1.5.20","config_pskill_dict_buff_cb_condition","config_pskill_dict_buff_cb_condition.db","9FF9AA83C705A2D056DA4FBD9D6B9C6C637E99E0BC59B90797D14B0C334D1B8F",45,1,44,0,"condition_type;id;target;value",""
"cn-1.5.20","config_pskill_dict_buff_factor","config_pskill_dict_buff_factor.db","47DED5613B20B703F9AD6426D9FC1E205CA7469690751FF8D9381444C108BEC1",1931,1,1930,0,"args;buff_export_type;buff_factor_type;buff_trigger_type;callback_condition;callback_skill_condition;could_sink;dot_begin_cycle;dot_cycle;dot_max_num;dot_pskill_begin;dot_pskill_dot;dot_pskill_end;dot_pskill_kill;export_func;general_formula;id;order;properties_snapshot;str_args;target_prop_id",""
"cn-1.5.20","config_pskill_dict_buff_factor_args","config_pskill_dict_buff_factor_args.db","E0F8F043427BA25BCFC336CC7A09D64E05E835B918D551B6A142656EF8AD21CF",35,1,34,0,"arg_type;arg_value;arg_value_add;id",""
"cn-1.5.20","config_pskill_dict_buff_trans","config_pskill_dict_buff_trans.db","1FBC6A2D86001E60F5515791667E207895261061BFA1C6775101F721122BF8D7",7,1,6,0,"id;last_time_mode;trans_count;trans_target;trans_time",""
"cn-1.5.20","config_pskill_dict_change","config_pskill_dict_change.db","91EEEA84457EEA36BC3503E426F778631EC9359B85C0960327AC58CBB07E936E",11,1,10,0,"buff_factor_export_type;buff_factor_id;buff_factor_type;buff_id;buff_type;change_dict_id;id;operation_type;skill_export_type;skill_id",""
"cn-1.5.20","config_pskill_dict_condition","config_pskill_dict_condition.db","39E1778A547BF3AFDB8667818F922869081AE07F978A7B6ACD86C17637EADFAB",1434,1,1433,0,"condition_formula;condition_type;id;is_trigger_condition;prop;value_condition_type;value_num;value_type",""
"cn-1.5.20","config_pskill_dict_condition2","config_pskill_dict_condition2.db","0BBE0F9CAEB049D20323B1751DBDF6E61D7E642D4A76AA8F2378EE733626D0E9",5,1,4,0,"condition_formula;condition_type;id;prop;value_condition_type;value_num",""
"cn-1.5.20","config_pskill_dict_c_param","config_pskill_dict_c_param.db","25D2ED3ED758A697B7CC54E18BEA8A7DB679B719F1C92791ADEC308BB8249875",69,1,68,0,"condition_func;id;param_type",""
"cn-1.5.20","config_pskill_dict_display","config_pskill_dict_display.db","4FD1A602948DA2B740EC546C7F0DBB29CA0AD63384CD06AB98996DCD2F3AC5EC",1252,1,1251,0,"change_type;change_word;desc2;desc_color;desc_val;equip_icon;flag_skill;id;mingzhong_effect_uri;mingzhong_head_effect_uri;pskill_type;skill_icon;skill_name;trigger_display_type;trigger_effect_page_path;trigger_effect_page_path_pip;trigger_head_uri;trigger_pause_duration;trigger_stay_duration;trigger_to_pause;trigger_wenzi_uri",""
"cn-1.5.20","config_pskill_dict_factor","config_pskill_dict_factor.db","039CCCAC3F56FE8717E92D833FA5987032516E1F61E5C1BBC8D6FE8F41C6EC87",1272,1,1271,0,"export_func;export_odds_add;export_odds_base;export_target_prop_id;export_type;general_formula;id;operation_buff_dict_id;operation_flag_dict_id;order;select_mode;select_target_array",""
"cn-1.5.20","config_pskill_dict_flag","config_pskill_dict_flag.db","B5026A70D1BBBE91BCFF4E819572ED7FB57DD0F4CF95F935EA5BDAC9669B1B12",116,1,115,0,"fid;force_clean_flag;id;value_num",""
"cn-1.5.20","config_pskill_dict_group","config_pskill_dict_group.db","17CACF078AB7A858EFE7C7C2050BDBF9CA334F40A903749F8AC058AE40D95E1A",3019,1,3018,0,"active_condition;desc;desc2;desc_color;desc_val;icon;id;intial_level;is_callback;level_value_effect;max_level;param_list;pskill_body;pskill_dict_display_id;script_list;skill_desc;skill_id_array;skill_replace;talent_name;talent_type;upgrade_materials;upgrade_materials_mub",""
"cn-1.5.20","config_pskill_dict_main","config_pskill_dict_main.db","430B964B3B7EE5C5C1A26408A134BDE439E7217E95E37B5A9703971C9663404E",4912,1,4911,0,"condition_id_array;condition_ids;event_order;event_params;event_target;event_type;execute_count;export_func;export_odds_add;export_odds_base;export_target_prop_id;export_type;general_formula;id;operation_buff_dict_id;operation_flag_dict_id;period;pskill_change;pskill_change_info;pskill_delay;pskill_delay_target_mode;pskill_factors;pskill_factors_probability;pskill_type_group;release_cd;release_cd_type;release_max_operation;release_num_limit_count;release_num_limit_type;release_type;select_target_array;skill_show_switch;trigger_probability;trigger_probability_group",""
"cn-1.5.20","config_pskill_dict_select_item","config_pskill_dict_select_item.db","CAA23DDD775DAD2BC8D130FCFB773B7CAC91333ED1CFE3FF6CAE5A23CDBF110F",70,1,69,0,"condition_func;id;param;select_condition;select_prop_id;select_value;select_value_lvadd;select_value_type;value_compare_type",""
"cn-1.5.20","config_pskill_dict_select_target","config_pskill_dict_select_target.db","61D005AD4D7F67E397D7FFC11198510947A41CC96E2499DC432D81D6262146CF",147,1,146,0,"base_num;condition_items;id;is_fleet;prop_num;random_num;select_need_valid;select_only_one;select_type;self_filter",""
"cn-1.5.20","config_pskill_dict_select_target_item","config_pskill_dict_select_target_item.db","8A86136BB684D5DE1016198600E389DEE462FF2A3E454CD964210D135284D8C6",29,1,28,0,"condition_func;id;select_condition;select_prop_id;select_value;select_value_lvadd;select_value_type;value_compare_type",""
"cn-1.5.20","config_pskill_sp_talent","config_pskill_sp_talent.db","A306EFAD4E43FB46C046A212824CB769CF797A8BA22F75B49089C5F79B1BC5B8",4,1,3,0,"condition_type;description;id;parameter;talent_id;val_add;val_init",""
"cn-1.5.20","config_pushnotice","config_pushnotice.db","5C762CA4D2E7632374E6242F63C72FB6B03D59B0722A44E2A47A90196C280C76",11,1,10,0,"id;name;notice;text",""
"cn-1.5.20","config_qte_step","config_qte_step.db","3B85539071019EDE60236FAC6D66A3B30FF84F22014D4D23798F8544DE6CE208",5,1,4,0,"desc;enum_name;id",""
"cn-1.5.20","config_quality_param","config_quality_param.db","6A3626B4E5CD92391A75D46168643C552BE46A71EC6ED9D635B6B26BAA4A51D2",6,1,5,0,"preview_imgbg;preview_name_bg;quality_id;togglelist_imgbg",""
"cn-1.5.20","config_random_effect_target_type","config_random_effect_target_type.db","718FAA29DF5A1118B41C02AB09360768A78A3DEBA066DB804BF6D19AFDC05D62",4,1,3,0,"id;table_index",""
"cn-1.5.20","config_random_factor","config_random_factor.db","6181B8EBF34478CC729F7B7536FD59C921BD3460A0B32A7F8E51F9CEE90F8475",401,1,400,0,"effect_target;effect_target_player_fleet;effect_target_type;factor_description;factor_id;factor_image;factor_target;factor_target_type;factor_type;game_limits_id;is_enemy",""
"cn-1.5.20","config_random_factor_group","config_random_factor_group.db","282FCE6C760814CDEE05F9CAFCD40182491ED8A6D1C2015D41F349194A7F1EEC",380,1,379,0,"factor;group_weight;id",""
"cn-1.5.20","config_random_factor_set","config_random_factor_set.db","7286ED800172781C98AA9D626CF5145633A4CE4355AEC86B12E8A3C603C00B18",384,1,383,0,"factor_groups;factor_skip;id;period;period_list;set_icon;set_name",""
"cn-1.5.20","config_random_factor_target_type","config_random_factor_target_type.db","A7E8AF14C183185DE1B00AF5FA017F34B7186C3F564F3057BFC956C0D36D927C",4,1,3,0,"id;table_index",""
"cn-1.5.20","config_random_factor_type","config_random_factor_type.db","9395A153FA47F29597E31CA4EBE5D2FE68A7233E06AF8845ED6F73C589B18CA7",10,1,9,0,"icon;id;name",""
"cn-1.5.20","config_random_first_name_en","config_random_first_name_en.db","9A6E6793E996917B997F77E4A53832A9F9FD55D2BD51B48EF51496A90D8C6048",238,1,237,0,"firstName;id",""
"cn-1.5.20","config_random_first_name_ja","config_random_first_name_ja.db","346221F20BD36E2DA7F1DD2BCC5D4E1F744155943A15CCE201DECFF5B016D96B",98,1,97,0,"firstName;id",""
"cn-1.5.20","config_random_last_name_en","config_random_last_name_en.db","56594B40C1D2A52D3A1B504F2F22DC9CDDB0609F750229A745A89CAE97D695AA",197,1,196,0,"id;lastName",""
"cn-1.5.20","config_random_last_name_ja","config_random_last_name_ja.db","F8E7C2D56A10AE759EDC4D0A4B7D47C1FA4F58DB7071B8C35E36922AE648D1A1",96,1,95,0,"id;lastName",""
"cn-1.5.20","config_range","config_range.db","39F898EA20EE76DDAA5379FE61BDE7FE16A8550FA828D66BA101D86F5A06F33F",1,1,0,0,"",""
"cn-1.5.20","config_rank","config_rank.db","EC1275E431C1505C9CAC55005C1A45074E60D6DD84D85C39136EBB4D10F79C91",12,1,11,0,"copy_id;id;period;period_area;type",""
"cn-1.5.20","config_recharge","config_recharge.db","969794E7D12CD6B7DB59F2C06CEDA864F01EDE91522745D205039735923F34E8",891,1,890,0,"activitydrop;appeartype;boxexisttime;buy_limit;buynum;buynum_refreshtime;channel;condition;cost;currency_type;daily_reward;desc;double_period;drop;drop_reward;duration;extra_reward;flag_id;free_duration;free_reward;icon;id;isshow;last_id;name;nodouble_desc;nodouble_extra_reward;nodouble_extra_reward_desc;open_limit;orderparam;orderscript;originalcost;paytype;privilege;privilegedesc;productId;pushnum;random_limit;recharge_value;recommend_bg1;recommend_bg2;refreshid;reward;score;sdkdesc;selltime;shop_bg;show_createdays;show_name;show_reddot;tagid;true_cost;value;weight",""
"cn-1.5.20","config_rechargecondition","config_rechargecondition.db","91DF983FD9F2A5D71F06C797FE911C8685FB65B1EB21D13C5FCC1373E45026B0",33,1,32,0,"id;param1;param2;param3;type",""
"cn-1.5.20","config_rechargetag","config_rechargetag.db","F3B3FC08205282D3A5E076BCD39303720CECFBD2705F9A39F90860D1CFE9E35C",3,1,2,0,"icon;id;name;rechargegroup",""
"cn-1.5.20","config_recharge_icon","config_recharge_icon.db","2AA0CB4E9FC2671C077D11DFDD0D63A4DD8F29FD757F4E4223B37822F7CFFCD0",4,1,3,0,"description;icon;id;name;quality",""
"cn-1.5.20","config_recharge_selective","config_recharge_selective.db","5CE58C11C73CCBB0EEB9454A032E0FF305255539B03D2B83930DCF2E23E554CD",5,1,4,0,"basic_reward;cost;id;limit;name;refresh_id;selective_reward_1;selective_reward_2;selective_reward_3;selective_reward_4",""
"cn-1.5.20","config_recipe","config_recipe.db","BA162193CE8C3878426BEDEBD7B7ED5A3E403F4798901672DA544821A51438C8",25,1,24,0,"cost_energy;hide;id;item;item_unlock;rawmaterial1;rawmaterial2;rawmaterial3;time;type;typename;unlocklevel",""
"cn-1.5.20","config_recipe_compose","config_recipe_compose.db","1FFF1C76EA1B6FDB2594CF8AF024260625F77AF3C1D7EEA949DF503544C3D16F",17,1,16,0,"id;item;rawmaterial1;rawmaterial2;rawmaterial3;type;typename;unlocklevel",""
"cn-1.5.20","config_refresh","config_refresh.db","0129C7504C62DBECC84241CE761FF080B62FB81588E6FB8137D49D1CFAF1995E",21,1,20,0,"id;p1;p2;p3;p4;p5;p6;type",""
"cn-1.5.20","config_report","config_report.db","6866C8FEF8AB550070D889CBCE7B983A72AC15AF2125973389EAC062A84B02DA",6,1,5,0,"desc;id;min_last_time;normal_last_time;type",""
"cn-1.5.20","config_return_stage","config_return_stage.db","0C3780FC284D5D79A06B085DA15865C4B117B93AEF07C7DEBF472C169DDC42AE",8,1,7,0,"bg;count;description;icon;id;name;outlinecolor;picture;selected;task_return;task_stage;textcolor",""
"cn-1.5.20","config_rewards","config_rewards.db","ACC945F98BDF9B89327B1DC7B542F3ED65E60AD49EC03D1C6552D3BD8B5EA123",9851,1,9850,0,"description;id;rewards",""
"cn-1.5.20","config_room","config_room.db","AC1D985FB21A2D26DDF67E4D6960908F235F34B567A19CF6ED0F95C0B321DCC8",3,1,2,0,"chapter_id;id;player_number;type;zone_id",""
"cn-1.5.20","config_ryza_alchemy_formula","config_ryza_alchemy_formula.db","3B163D7373516BADBFC72F95DD399315605551F0871320AB0BB8080CEA49A6B8",59,1,58,0,"description;drop_id;drop_path;formula_type;icon;icon_small;id;item_group;level;name;prefab_type;product;quality;recommend_bg1;recommend_bg2;shop_bg;show_type;type",""
"cn-1.5.20","config_ryza_alchemy_item","config_ryza_alchemy_item.db","F9535EC0D6BFA30481286396E1DD4850B650F471EEA8C8E09A208FDD8444F41B",565,1,564,0,"back_item;effect;id;item_type;materials;position;pre_item",""
"cn-1.5.20","config_ryza_alchemy_type","config_ryza_alchemy_type.db","61B2901909E6F3C17E5ADA72484676467175B751B5E2146EA3C62B217C15F788",5,1,4,0,"desc;eff_normal;eff_normal_back;id;image_background;image_off;image_on;name;quality",""
"cn-1.5.20","config_safearea","config_safearea.db","41F0118CD10EEF0716EBA43792C379C2BFA9C0B8BA1112911787CA97DF508BC6",8,1,7,0,"change_time;copy_text_color;desc;effect_outline_color;effect_text_color;explore_image;id;imgbackground;imglock;levelup_effect;slider_image;small_slider_image;text_color",""
"cn-1.5.20","config_safearea_condition","config_safearea_condition.db","7213EACA2B0807D0B8C70D55C8AA5B9946FCF95EA979C2997807924D0E81A579",70,1,69,0,"desc;id;p1;p2;type",""
"cn-1.5.20","config_safearea_effect","config_safearea_effect.db","652FAA5509CA3CCA8ED945323B22653AD1B765018122ACB0687EF749B61A705D",184,1,183,0,"desc;id;p1;p2;p3;p4;p5;type",""
"cn-1.5.20","config_scene","config_scene.db","FB389E3C8368D53E5DF0D0FDD4EB7DCED6830E925CB7B2D8C2C71527842A6920",253,1,252,0,"guide_mesh;island_ids;name;s_id;scene_res_name",""
"cn-1.5.20","config_scene_position","config_scene_position.db","FAD545FA4FB50513E9C32FFBBDAA10D806CBAA0009FB399745ABFD34DC24F3F7",18686,1,18685,0,"eluer_y;name;position_id;position_x;position_y;position_z;sp_id",""
"cn-1.5.20","config_scene_weather","config_scene_weather.db","047793EF16F21BA45E89D39185359A074E8A8BBE7CAF163C11E264E6BE36E8B9",2,1,1,0,"desc;diff_name;sw_id;weather_echange_light_id;weather_exchange_particle_id_s;weather_type",""
"cn-1.5.20","config_search3d_item","config_search3d_item.db","1612BEE6F31544251E2F621F0861D157D65C09A7081D32249249EBD222E3E00F",30,1,29,0,"desc;display_distence;display_mode;id;item_defult_icon;item_defult_model_eb_id;item_effui_eb_id;item_mini_icon;item_range_eb_id;item_trigger_eb_id;item_ui_root;playerfleet_trigger_eb_id;warn_mode",""
"cn-1.5.20","config_select_point_type","config_select_point_type.db","81FE60B948DFDF40174C00FA45F7208E4DB6563A6362774076F9A40658368F9F",3,1,2,0,"desc;enum_name;id",""
"cn-1.5.20","config_select_target_type","config_select_target_type.db","BAA61E18F8FD5F32CBF2EBA978D5074E4C9E9F0FE7DBBC59E41802EB6574CECB",8,1,7,0,"desc;enum_name;id",""
"cn-1.5.20","config_ship","config_ship.db","8A2E093F71884EB38171C9F726607A054B71AF43A48A6333309CEA5675DD213A",14,1,13,0,"angle_spped;anti_crit;attack;attack_levelup;battle_angle_speed;carry_airplane_count;crit;defense;defense_levelup;dodge;equip_attr_num_1;equip_attr_num_2;equip_attr_num_3;equip_attr_num_4;ewt_ids;fate;gun_range_type;hit;hp;hp_levelup;init_star;max_star;model;model_height;model_radius;s_id;ship_air_control;ship_air_control_levelup;ship_bomb_attack;ship_bomb_attack_levelup;ship_county;ship_icon;ship_name;ship_torpedo_attack;ship_torpedo_attack_levelup;ship_type;speed;to_air_attack;to_air_attack_levelup;to_torpedo_attack;to_torpedo_attack_levelup;torpedo_attack;torpedo_attack_levelup;torpedo_defense;torpedo_defense_levelup;view_range",""
"cn-1.5.20","config_shiplist_option","config_shiplist_option.db","7D85654DB726BC59411BA4E6A08E9041C8002DF0E0DDA8D52A813E1A8C8A96FD",9,1,8,0,"id;shiplist_sequence_id",""
"cn-1.5.20","config_shiplist_sequence","config_shiplist_sequence.db","92ADB932BD6BD1DEB5E9E643B5F44CDEF5B2BC83FFA3031086F6E191DA60C473",99,1,98,0,"belong;id;name;value",""
"cn-1.5.20","config_shiptalenttype","config_shiptalenttype.db","8C381B4E354FB48DD98784F5C704E3E2FFC8ED3592CC40ADEABCDB6C86E26BD8",6,1,5,0,"id;shiptypelist",""
"cn-1.5.20","config_ship_advance","config_ship_advance.db","A46E1F73A199A0C39D09D2A630BE5BAE967F82F1F9E6B44C6EE8B72CC4866AA8",3,1,2,0,"initial_level;max_level;unlock_num",""
"cn-1.5.20","config_ship_behaviour_and_camera_info","config_ship_behaviour_and_camera_info.db","7271EF2EC01EE74DBFA635E560ECF810315C1C7B379F722CBC2C8E581B8C1E30",553,1,552,0,"anim_voice_access;be_formula;behavior_time;behaviour_info_group;camera_info_group;caption_access;combat_resources;countenance_resource;cv_cutoff;duration;s_id;shader_Controller;ship_id;shock_time;transition_meltdown;use_state;vibration_time;voice_access",""
"cn-1.5.20","config_ship_break","config_ship_break.db","70742DC3B32A0292269B4719D153445739E6B5778CCCEEC15DC157CCEA8F8E58",5357,1,5356,0,"break_item;break_item_mub;break_item_optional;break_to;break_usableitem_mub;currency_cost;desc;min_level;name;remould_item;remould_to;sb_id;ship_break_effect_id_list;value_effect_id_list;value_effect_power_list",""
"cn-1.5.20","config_ship_break_effect","config_ship_break_effect.db","4C8094152FB26078644222312EBEA04EEE7381E0703827BFDD89A7E66A84356B",97,1,96,0,"desc;id;method;type;value",""
"cn-1.5.20","config_ship_class_index","config_ship_class_index.db","FEE58BBCA9FE33BD17396965ADDE7DF1B9072799B6A237FC03EB16C404E11A35",79,1,78,0,"id;ship_class;ship_speed",""
"cn-1.5.20","config_ship_combat_effectiveness","config_ship_combat_effectiveness.db","BB3A676DAC8C50A8315DE1DE6F9B6729C57F9BB3365A2DA7780E4059E5040222",12,1,11,0,"attack;defense;hp;id;plane_air_control;plane_bomb_attack;ship_air_control;ship_bomb_attack;ship_type2;speed;survival_factor;to_air_attack;torpedo_attack;torpedo_defense",""
"cn-1.5.20","config_ship_consumption","config_ship_consumption.db","0C47893B3DE31EE065E2D8CE12E5C8DCD0231A2812F246B72192B04BCBB7E018",1963,1,1962,0,"*;ammo;fuel;repair_item;sc_id",""
"cn-1.5.20","config_ship_damage_coefficient","config_ship_damage_coefficient.db","E9A91C4175FF1F2615D721EF1574AC55A5D55D2FB0B015D31EC6A19C4B7E969B",43,1,42,0,"air_coefficient;clamp;environment_type;main_gun_coefficient;ship_type;sm_id;torpedo_coefficient;vice_gun_coefficient",""
"cn-1.5.20","config_ship_dressup","config_ship_dressup.db","57EA0DACE9D401684A53DA0466B79278D7ECDCF675454D26822A56908637086A",762,1,761,0,"battle_effects;battle_hide;home_hide;id;marry_hide;normal_effects;settlement_hide;ship_change_parts;ship_name;ship_parts_adress;ship_parts_adress_home",""
"cn-1.5.20","config_ship_enemy","config_ship_enemy.db","A52F5680EE3A75EB11AE5A91405734C63A1E3A11A8C4CE2E3200C95B29C3A7DD",11027,1,11026,0,"angle_speed;anti_crit;attack;backup_plane_count;basi_id;battle_angle_speed;carry_plane_count;chase_speed;conversion_blood_loss;crit;damage_coefficient_of_special_air;damage_coefficient_of_special_maingun;damage_coefficient_of_special_torpedo;defense;dodge;fail_score_percent;fate;hit;hp;id;isonlyspecial;large_blood_loss;level;lighting_shells_available;main_gun_available;main_gun_cd;main_gun_range;main_gun_target_num;medium_blood_loss;name;number_of_special_air_attacks;number_of_special_maingun_attacks;number_of_special_torpedo_attacks;patrol_speed;plane_bomb;plane_health;plane_target_num;plane_to_air;plane_torpedo;projectiles;projectiles_cd;pskill_id_array;safe_score;second_gun_available;ship_air_control;ship_bomb_attack;ship_country;ship_info_id;ship_torpedo_attack;sink_blood_loss;small_blood_loss;special_air_range;special_maingun_range;special_projectiles;special_projectiles_count;special_projectiles_times;special_torpedo_range;specialship_id;specialship_type;specialstrategy;speed;st_id;to_air_attack;to_torpedo_attack;torpedo;torpedo_available;torpedo_defense;torpedo_num;torpedo_target_num;type;view_range;voyage",""
"cn-1.5.20","config_ship_equip","config_ship_equip.db","7B46F74848CE0782540EAEF44A6DC4FCE58E066389DE1CF049CFFDBA77860412",4883,1,4882,0,"equip_attr_condition;equip_attr_num_1;equip_attr_num_2;equip_attr_num_3;equip_attr_num_4;equip_attr_num_5;equip_attr_num_6;ewt_ids;plane_number;recommend_equip;se_id",""
"cn-1.5.20","config_ship_exp_item","config_ship_exp_item.db","3146154CFE2F7720EAAB8BA0CE7080C06766999B53508058EC4F3693D8718FC7",7,1,6,0,"description;drop_path;exp;icon;id;level_limit;name;quality;ship_country;ship_type",""
"cn-1.5.20","config_ship_fleet","config_ship_fleet.db","1CFD18C4E6898E49FC536017517E8402AB63C15B720802BCE2E37E5E6A46E8DB",383,1,382,0,"air_defence;break_num;cannot_marry;combination_open;common_break_item;equip_fashion_type;forbidden_id;gun;id;init_star;is_open_fashion;lock_type;maneuver;max_star;plane;plot_cover;power_type;remould;remould_icon;remould_num;same_character;sf_special_bgm;ship_name;survival;torpedo;valentine_gift",""
"cn-1.5.20","config_ship_forbidden","config_ship_forbidden.db","48140ED366DE6A776EAA2136CF164FD6D51434B124836DBB0E8BAD0486F09C5C",3,1,2,0,"forbidden_condition;forbidden_tips;forbidden_type;id",""
"cn-1.5.20","config_ship_formation_coefficient","config_ship_formation_coefficient.db","3677CED3BF777636F774D2F8EB583FED166821CB39A4893CF19B22D39C74ABF5",81,1,80,0,"formation_id;prop_id;stpc_id;value_coe;weather_type",""
"cn-1.5.20","config_ship_gained_way","config_ship_gained_way.db","AD280696ADBC8FD64CBC7A88555833165E8278D1EA7950AB2A0696C2295A1891",98,1,97,0,"gained_way;id",""
"cn-1.5.20","config_ship_handbook","config_ship_handbook.db","8936EDB95C74F55E9940F9E0875A0F4DC138DD83EC1E9C248FB26D81FEEF9C62",222,1,221,0,"activatetime;activity;air_defence;enter_wish_time;gun;id;is_wish;magazine_tag;maneuver;plane;pskill_show_id;quality;ship_character_voice;ship_country;ship_data_id;ship_name;ship_order;ship_recommend;ship_setting;ship_skill;ship_type;ship_voice_tag;show_state;show_tag;survival;torpedo;type;wish_activatetime;word_gained;word_reconmend",""
"cn-1.5.20","config_ship_hp_prop_change","config_ship_hp_prop_change.db","4EF411F3646138CFC78AB45BC43D8509F7924CC21FAD197D1EF6B4E0117944CD",181,1,180,0,"hp_state;prop_id;stid;stpc_id;value_coe;weather_type",""
"cn-1.5.20","config_ship_hp_state","config_ship_hp_state.db","FD66D5527C467444A52F084F51446734E083752E1977AEAF44B21A87F23841DF",6,1,5,0,"desc;enum_name;hp_min_percent;id",""
"cn-1.5.20","config_ship_info","config_ship_info.db","6B295064C7B00FB9B7C7A15BBC40C6A719CF79CBA38BFD8AAA2200B1A21B24D1",1491,1,1490,0,"attr_dock_show;attr_type_show;build_time;constellation;equip1;equip2;equip3;equip4;equip5;equip6;initial_ship_main_id;max_ammunition;max_gasoline;min_level;quality;remould_item;remould_level;remould_skill;remould_template;sf_id;ship_country;ship_handbook_id;ship_name;ship_type;si_id;vow_item_mub;vow_item_num_mub",""
"cn-1.5.20","config_ship_levelup","config_ship_levelup.db","DBC3A180288B4D9E2E705571157275C7B9813FBC57B80AB33B72833FF5163590",101,1,100,0,"attribute_level;exp;level",""
"cn-1.5.20","config_ship_levelup_mub","config_ship_levelup_mub.db","F840F823E627D8F14074AE0460D37478C16F8841D7F14CC04AE3459D21E1305C",101,1,100,0,"attribute_level;exp;level",""
"cn-1.5.20","config_ship_main","config_ship_main.db","7DEEE777CD9B5B29A02966DA76950F251E66CD286E0224CA5C38C0A197490998",4889,1,4888,0,"airAttack_stg_id;air_combat_coefficient;angle_speed;anti_crit;antisubmarine;antisubmarine_levelup;attack;attack_levelup;attack_ship_coefficient;backup_plane_count;battle_angle_speed;break_down_get;break_level;carry_plane_count;character;characterlevel;charactermaxlevel;condition_activate_talent_id;crit;defense;defense_levelup;direct_activate_talent_id;dodge;drop_path;extract_get_exceed_count;extract_get_exceed_reward;extract_reward;fate;favorite_gift;fire_coefficient;fixed_money;hit;hp;hp_levelup;level_value_effect;main_gun_available;main_gun_cd;main_gun_range;main_gun_stg_id;match_value_group;not_match_value_group;opentorpedo_projectiles;param_list;plane_bomb;plane_health;plane_to_air;plane_torpedo;projectiles;pskill_show_id;pskill_sp_talent_id;script_list;second_gun_available;ship_air_control;ship_air_control_levelup;ship_bomb_attack;ship_bomb_attack_levelup;ship_class;ship_info_id;ship_levelup_max;ship_tag_array;ship_torpedo_attack;ship_torpedo_attack_levelup;ship_type2;ship_weapon;sm_id;speed;speed_show;st_id;submarine;submarine_levelup;supple_cost;to_air_attack;to_air_attack_levelup;to_torpedo_attack;to_torpedo_attack_levelup;torpedo_attack;torpedo_attack_levelup;torpedo_available;torpedo_coefficient;torpedo_defense;torpedo_defense_levelup;torpedo_num;torpedo_range;transform_id;transform_list;unlock_item;view_range",""
"cn-1.5.20","config_ship_max_power","config_ship_max_power.db","0F2241257F024D2D481F38CE8BB3C70FE02C0649B6F22E5C5E81429135AA5D81",5327,1,5326,0,"level_value_effect;max_power_prop;param_list;script_list;smp_id",""
"cn-1.5.20","config_ship_model","config_ship_model.db","B1D3827F6F37CF8D8A94DB34A7A2AD39BC2F98EF14AF8B8BD13C1D0FA3A4792B",477,1,476,0,"animoji_switch;ar_sec_clear;build_shot;camera_target;cv_resources;head_type;hide_incamera_radius;hit_miss_camera_path;model;model_high;nude_type;offset_position_x;offset_position_y;offset_position_z;position_y_bathroom;scale_bathroom;ship_name;show_incamera_radius;sink_camera_path;sm_id;standard_bathroom;standard_dapo;standard_normal",""
"cn-1.5.20","config_ship_model_animation","config_ship_model_animation.db","149D4B66E58B4BEFD42D5EB5C6AFBA9DB0E071C53F6A4BB3BBD3F1E9D2B55093",717,1,716,0,"animLength;animName;id;is_battle;modelName",""
"cn-1.5.20","config_ship_model_facial_animation","config_ship_model_facial_animation.db","4FDD4FDE933B6370B0DAAAB3EEEF1BF5304C98F792A9823C4492E7591AFE085E",816,1,815,0,"animLength;animName;id;is_battle;modelName",""
"cn-1.5.20","config_ship_model_look_camera","config_ship_model_look_camera.db","9832A1FFB81C8A7361FF84671B49AE26F83DF6CC25C059D4CA4BB6111212E290",15,1,14,0,"camera_index;camera_path;camera_target;model;offset_euler_x;offset_euler_y;offset_euler_z;offset_position_x;offset_position_y;offset_position_z;ship_name",""
"cn-1.5.20","config_ship_need_power_exp","config_ship_need_power_exp.db","9108BE856EECC3B061498084DD33D16057BD7FE3F96B37BF4FDB09A4811F1760",4895,1,4894,0,"enhance_type;need_power_exp;snp_id",""
"cn-1.5.20","config_ship_perform_limit","config_ship_perform_limit.db","4CEF0014777CF98D0EA185220F38E77356A583BB510880960B9223C4AB64159B",12,1,11,0,"id;ship_type;value1_max;value1_max_evaluation;value1_min_evaluation;value2_max;value2_max_evaluation;value2_min_evaluation;value3_max;value3_max_evaluation;value3_min_evaluation;value4_max;value4_max_evaluation;value4_min_evaluation;value5_max;value5_max_evaluation;value5_min_evaluation;value6_max;value6_max_evaluation;value6_min_evaluation",""
"cn-1.5.20","config_ship_perform_mark","config_ship_perform_mark.db","C917189CDC40B98968D0FF1F2903C2671DB69101CF967D6024A0C5B9E63B1424",7,1,6,0,"id;level;max_value;min_value",""
"cn-1.5.20","config_ship_position","config_ship_position.db","7CF1E28D5FBAA0CF937CFE6C165C0034160A0B79739FE37E5A54FE2298353998",799,1,798,0,"affection_inversion;affection_position;affection_scale;character_story_inversion;character_story_position;character_story_scale;cutin_inversion;cutin_position;cutin_scale;draw_inversion;draw_position;draw_scale;fashion_inversion1;fashion_position1;fashion_scale1;fashion_shop_inversion;fashion_shop_position;fashion_shop_scale;item_selected_inversion;item_selected_position;item_selected_scale;model_position;recommend_inversion;recommend_position;recommend_scale;resume_inversion;resume_position;resume_scale;sf_id;ship_inversion1;ship_inversion2;ship_inversion3;ship_name;ship_position1;ship_position2;ship_position3;ship_scale1;ship_scale2;ship_scale3;ship_type;si_id;support_fleet_inversion4;support_fleet_position4;support_fleet_scale4;wish_advance_inversion;wish_advance_position;wish_advance_scale",""
"cn-1.5.20","config_ship_provide_power_exp","config_ship_provide_power_exp.db","76B356A4CFA00001C8DF45E3A7B99FE3028279FBF1FDEE8804E10FFF6D323063",5357,1,5356,0,"provide_power_exp;sppe_id",""
"cn-1.5.20","config_ship_remould_effect","config_ship_remould_effect.db","007B544988E3E60B92261CD64F60F45F7472A51F10A676782520F81FCF26DB1F",888,1,887,0,"connect_rotation;connect_type;cost;desc;icon;id;limit_level;limit_star;lock_icon;name;position;remould_effect_type;remould_prev",""
"cn-1.5.20","config_ship_remould_show","config_ship_remould_show.db","73951AFF64A77C762A42C29365C1A498D2A111DC4A266F23C2A21BA2D640D0CF",5,1,4,0,"animation;id;model;model_position;model_scale",""
"cn-1.5.20","config_ship_remould_template","config_ship_remould_template.db","810D87A033BCFFFFEE228F3FFCEAE8E687CF5AD1D4E61FA1DC57BAFE5D8B174D",70,1,69,0,"complete_icon;desc;id;lock_icon;remould_item_group;res;select_icon;uncomplete_icon",""
"cn-1.5.20","config_ship_show","config_ship_show.db","931AE6EDAF04A7501C4A07BBF4B415FCB95C986BCCE9C58F3FB7FD436CEE12A9",1434,1,1433,0,"building_model;constellation;cut_in_head;cut_in_icon;desc;info;model_id;model_radius;plane_air_equip_id;plane_bomb_equip_id;plane_torpedo_equip_id;profilelist;quality;sf_id;ship_battle_hp_state;ship_behaviour;ship_character;ship_country;ship_draw;ship_draw_black;ship_draw_po;ship_icon1;ship_icon1_back;ship_icon1_po;ship_icon1_po_back;ship_icon2;ship_icon2_black;ship_icon2_po;ship_icon3;ship_icon3_po;ship_icon4;ship_icon4_po;ship_icon5;ship_icon6;ship_icon6_po;ship_icon7;ship_icon7_po;ship_icon_animoji;ship_icon_bathroom;ship_icon_search3d;ship_name;ship_type;skill_airAttack_eb_id;skill_airBomb_eb_id;skill_airSearch_eb_id;skill_airTorpedo_eb_id;skill_torpedo_eb_id;ss_id",""
"cn-1.5.20","config_ship_talent_activate_condition","config_ship_talent_activate_condition.db","CDA181E4F281462805039EE8E01B6508DDAAE07EDBDF73FAFABA2BA2A4A9DCC1",8,1,7,0,"client_ignore;condition_name;id",""
"cn-1.5.20","config_ship_talent_desc","config_ship_talent_desc.db","29827E729EC6C9CDAC2ABBE9D6B5D60B2A1FFA06398710F7A3B81500D728402C",11,1,10,0,"desc;id",""
"cn-1.5.20","config_ship_talent_upgrade_exp","config_ship_talent_upgrade_exp.db","1A9DAAA7CCBE9F9A3DE926DB2C762DFEAA04A4C5D242C11E6F7027C505C07469",21,1,20,0,"exp;level",""
"cn-1.5.20","config_ship_talent_upgrade_item","config_ship_talent_upgrade_item.db","3F6C8FA72686A9206956D790A60F4CDAA928AFB9D378E308A78D8A1E7F67FBE0",1,1,0,0,"",""
"cn-1.5.20","config_ship_transform_effect","config_ship_transform_effect.db","C3C98A1FA22D44F900E149A9D27288750B6E33A937918B59455361B614616CC5",6,1,5,0,"cost;cost_ship;desc;effect;id;last_id;limit;name",""
"cn-1.5.20","config_ship_type","config_ship_type.db","DA3143553E138CE313955C6D563B3F24471F39154CE98EFB9135A97C68EC3904",24,1,23,0,"defult_range;desc;enum_name;father_type;icon;id;name;safearea_quickbattle_languageId;wordsimage",""
"cn-1.5.20","config_shop","config_shop.db","77D6D51C3F64069DBC5A7CE6986C1CD8F664285631265ADC61904247CFDE7E98",203,1,202,0,"activatetime;activity_id;bg;cumulate_times;currency_show;currency_type;dependence_id;display_type;fun_type;functionid;grid_count;help;icon;icon_select;id;init_times;is_hide;is_random;jump_shop_id;level_deblocking;limit;max_count;name;open_period;open_period_area;open_type;order;platform;price;quick_buy;recovery_time;red_dot;refresh_time;shelf;shelf_list;shop_type;sold_out;time_after_server_start;unlock_before_shop_id",""
"cn-1.5.20","config_shop_goods","config_shop_goods.db","AE51623E5E14DFAD49C4FC0BF3D9FEBE5F98F6F7AC3B5324FD460368EB01194F",3147,1,3146,0,"activatetime;buy_limits;buy_type;count_refresh;cur_relation;currency;discount;goods;goods_visible;icon;id;is_buy_batch;language_id;last_id;level_deblocking;manual_refresh_stock;name;new;open_limit;period_buy;period_show;price;price1;price2;random_limits;recharge_id;recommend_weight;shelf_id;show_limit;stock;stock_period_max_count;undercarriage;weight",""
"cn-1.5.20","config_skill","config_skill.db","F539B6B55428E6A9916099FA9BC846447E19012EC6C9604A8D35CF45D8B75EF1",8041,1,8040,0,"anim_project_group;anim_project_group_start_time;before_bac_use_state;behit_effect_bind_id;diff_name;hit_skill_anim_detail_id;normal_bac_use_state;qishe_camera_group;release_group_id;s_id;search_plane_delay;ship_id;simple_behit_effect_bind_id;skill_anim_type;skill_camera_group;skill_effect_bind_id;skill_effect_start_time;start_skill_anim_detail_id",""
"cn-1.5.20","config_skill_anim_detail","config_skill_anim_detail.db","5DC65D7E5A682D2BBD0BE053230D324F5A064400B8BC64C0DAC71314FCE980CD",1821,1,1820,0,"action;action_queue;action_type;args1;camera_target;camera_type;duration;group;id;target_offset",""
"cn-1.5.20","config_skill_anim_detail_action_type","config_skill_anim_detail_action_type.db","AF3CB23FDC4E06D311B63AC975BC68AEF1211E2EEA7480639BBE60393959778E",26,1,25,0,"desc;enum_name;id;params1;params1_content1;params1_content2;params1_content3;params2;params3;params4;params5;params6",""
"cn-1.5.20","config_skill_anim_detail_base_group","config_skill_anim_detail_base_group.db","F265F08A965F4EBBD75C2D6403A3B0AEC64A26BD59705DBF86AC1CEF418A1262",89,1,88,0,"base_group_id;has_simple_behit;normal_group_id;normal_group_limit_id;normal_hit_limit_id;pip_group_id;pip_has_hit;simple_group_id",""
"cn-1.5.20","config_skill_anim_detail_camera_target","config_skill_anim_detail_camera_target.db","2F2A66E1345BC8E85CCB32B5BC1AA0DC5725CFB2F0F72953587425081B83D8E9",19,1,18,0,"desc;enum_name;id",""
"cn-1.5.20","config_skill_anim_detail_group","config_skill_anim_detail_group.db","4128E29DB44726C0FF17209BD59EA7185151ADC0DAF9D8A7212587ED8B78A4F6",741,1,740,0,"anim_speedup;group;skip_next_group",""
"cn-1.5.20","config_skill_anim_detail_group_count","config_skill_anim_detail_group_count.db","18C43735B8A67745D4820F2B3BA11C5769ADF45D12BE5BE0EBBDF09AA908CFF6",40,1,39,0,"anim_class;diff_name;skill_anim_group;skill_anim_type;sta_id",""
"cn-1.5.20","config_skill_anim_detail_ios","config_skill_anim_detail_ios.db","5DC65D7E5A682D2BBD0BE053230D324F5A064400B8BC64C0DAC71314FCE980CD",1821,1,1820,0,"action;action_queue;action_type;args1;camera_target;camera_type;duration;group;id;target_offset",""
"cn-1.5.20","config_skill_anim_detail_type","config_skill_anim_detail_type.db","EB767D12D2DB361514E52F9059BB14078FE626ED40BDBD650769B8E0420160D2",22,1,21,0,"desc;enum_name;id",""
"cn-1.5.20","config_skill_anim_project","config_skill_anim_project.db","E979AA51D036CAC75D9E2C02C2D76369185FA3BCF753FB36D55F96C72F64323A",674,1,673,0,"diff_name;enter_water_effects;group;path;sap_id;skill_project_duration;skill_project_fly_time;skill_project_ids;skill_project_start_time;skill_project_type;skill_project_type2",""
"cn-1.5.20","config_skill_anim_type","config_skill_anim_type.db","1ECFAF07752644A03D5A05E10213D669592E5ECB93BDAAAD61224A69E32B748C",18,1,17,0,"desc;diff_name;enum_name;id",""
"cn-1.5.20","config_skill_be_hit","config_skill_be_hit.db","5603C80D009D04BFF165A48A7612D6357D42F58180F3875A366956D3AB7046BA",1761,1,1760,0,"bac_use_state;bac_use_state_bk;behit_bind_type;behit_duration;behit_effect_bind_id;behit_effect_id;behit_hp_state;camera_info_group;camera_info_group_bk;cutin_right_camera_info_group;damage_type;hdr_duration;poke_duration;poke_start_time;poyi_shake_duration;poyi_shake_speed;poyi_shake_strenth;poyi_start_shake_time;s_id;screen_fxpro_duration;screen_fxpro_start_tiem;ship_id;show_damage_switch;show_damage_time;ui_idle_show_camera_path;ui_show_camera_path",""
"cn-1.5.20","config_skill_be_hit_boss_sink","config_skill_be_hit_boss_sink.db","67A0E6115B0F505E6CF23C284ECB9217EBAED03C12D5BBF88732E12AF94A7382",4,1,3,0,"detail_anim_group_id;s_id;ship_info_id;sink_state",""
"cn-1.5.20","config_skill_be_hit_order","config_skill_be_hit_order.db","C66342E1AED4C4074F3A5E7EC427ED25DC8592B7EDF335FD51E9EE3CB00E4089",6,1,5,0,"behit_bind_types;order;s_id;ship_id",""
"cn-1.5.20","config_skill_common_condition","config_skill_common_condition.db","045FC37258E322ED2F32EA902B1009A596EA66D908BB402A89209344F152346D",286,1,285,0,"battle_weather;id;min_hp_state;player_type;ship_type;skill_type",""
"cn-1.5.20","config_skill_fashion","config_skill_fashion.db","766953C1EA614D0E06E9EAAA17DB46839F14E2F777B412246AC2F724AD25779C",72,1,71,0,"equip_fashion_show_type;equip_wear_type;gunbattle_hit_skill_anim_detail_id;gunbattle_start_skill_anim_detail_id;search_hit_skill_anim_detail_id;search_start_skill_anim_detail_id;show_picture;skill_anim_eb_id;skill_fashion_id;skill_fashion_name;srp_effect_id;trap_ste_id;weight",""
"cn-1.5.20","config_skill_release","config_skill_release.db","9BDBDF4E552C48D199A48D1E1CF730FB088DE1D6892D26C175BA2F377DAB54EF",1347,1,1346,0,"release_group_id;release_project;release_time;release_type;select_target_type;sr_id",""
"cn-1.5.20","config_skill_release_project","config_skill_release_project.db","6038460CE7ADFBCB99B64259D8C45B8C9492CF676A582A91AE52D88127D3F0EC",94,1,93,0,"acc_gravity;acc_speed;collide_bind_paths;collide_type;curve_type;curve_w2h;effect_id;hit_effect_id;init_bind_path;init_center;init_offset_x;init_offset_y;init_offset_z;run_type;speed;srp_id;target_center;target_offset_x;target_offset_y;target_offset_z;target_random_offset_x;target_random_offset_y;target_random_offset_z;time",""
"cn-1.5.20","config_skill_torpedo","config_skill_torpedo.db","E7399E7E5B3437F8439F152137F70C38CBC6D78D679423DC168903CECD85AB87",20,1,19,0,"angle;persuit_time;radius;speed;stg_id;torpedo_range;trap_count",""
"cn-1.5.20","config_skill_trap_effect","config_skill_trap_effect.db","466861119B12EA24CAB73C186B2632A47FF01AEE5704966B47DDA83DAC5BDC5B",196,1,195,0,"fill_prefab_path;hit_prefab_path;ste_id;trigger_prefab_path",""
"cn-1.5.20","config_skill_trap_group","config_skill_trap_group.db","60DA480DEEB62F25CD09B0FAFF5B555CBC3305AD70E4213429C600446E538BDE",387,1,386,0,"begin_scale_percent;create_range_max;create_range_min;create_type;fill_time;move_type;persuit_time;scale_could_move;scale_time;skill_type;speed;stg_id;trap_group_type;trap_items",""
"cn-1.5.20","config_skill_trap_item","config_skill_trap_item.db","C4BECE8F2DD9A9E22FF22461D08E399A0657C42AA94C310BE1F3BD32FC0B7FE1",240,1,239,0,"delay_time;euler_delta;pos_x;pos_y;scale_shift;select_weight;shape_param;shape_type;ste_id;sti_id;svte_id",""
"cn-1.5.20","config_skill_trap_ratio","config_skill_trap_ratio.db","06DEDE387F87117845403F8177DA9D5ECE0D44A6BCEC1FCDB1676D3B9D84C6A3",38,1,37,0,"left_euler;right_euler;str_id;weight",""
"cn-1.5.20","config_skill_trigger","config_skill_trigger.db","F2CFA0A0167406B928B91C5257C947136DCE7177812B349D335193EC8EF3309A",33,1,32,0,"skill_type;st_id;stg_id;trigger_cd;weight",""
"cn-1.5.20","config_skill_trigger_group","config_skill_trigger_group.db","BA27BD73F9DC48E8C2778697BD7C9723D67B93E170A5D1498D22334BEF93E04D",33,1,32,0,"create_pos_type;fill_prefab_path;follow_target;hit_prefab_path;move_euler_speed;move_speed;range;shape;shape_num;shape_scale_min;shape_scale_time;shape_size;stg_id;trigger_prefab_path;trigger_time;wait_time",""
"cn-1.5.20","config_skill_trigger_range","config_skill_trigger_range.db","39F898EA20EE76DDAA5379FE61BDE7FE16A8550FA828D66BA101D86F5A06F33F",1,1,0,0,"",""
"cn-1.5.20","config_skill_type","config_skill_type.db","E9AFFFB546D24A5EC478856B990D5F0A73F131C8805DED4050E171ED19FFB032",8,1,7,0,"desc;enum_name;id;weight",""
"cn-1.5.20","config_skill_type_anim","config_skill_type_anim.db","BD51350371FDBE186D34437C4D8AC6013006B42A33D1C8FBCDF743C894F4288C",19,1,18,0,"anim_class;common_camera_index_miss;diff_name;skill_anim_group;skill_anim_hit_camera_zoomin;skill_anim_type;sta_id",""
"cn-1.5.20","config_specialdraw","config_specialdraw.db","F7B6482DF4E29636E47E958CA7450D70E4A07D92AB2D7E5CAB10A7840E45A6AE",432,1,431,0,"close_script;close_script_param;cycle_param;cycle_type;drop_item;enter_reset_type;id;max_show_num;priority;probability_script;probability_script_param;reset_ssr_type;ssr_reset_num;type;weight",""
"cn-1.5.20","config_special_buff","config_special_buff.db","94734A9426DB10840722A52B501F4D6C775B70F10AC1B86F999D1BE44B8F9BC5",4,1,3,0,"id;language_id;name",""
"cn-1.5.20","config_sportsmeet_achieve","config_sportsmeet_achieve.db","3A013C6D18A2AB6551C53FF8FDE95438E45C084EF468BBB9BE6AFAFE1EAF2AA2",19,1,18,0,"achieve_type;activity_id;copy_id;desc;goal;id;reward;sport_type;title",""
"cn-1.5.20","config_sportsmeet_award","config_sportsmeet_award.db","9491AA5D0294B8BD8DEA29642F75CC7C4E14236B44AB853E09C96B6A741E4132",23,1,22,0,"hot_point;id;rewards;score",""
"cn-1.5.20","config_sportsmeet_rank","config_sportsmeet_rank.db","7BED951E5D056EF7B9BEFD943A3F907FE92CCCC03843D55B055EEBE6BB7AD73C",34,1,33,0,"activity_id;copy_id;id;range;range_desc;rank_pic;rank_reward;rank_reward_curren;sport_type",""
"cn-1.5.20","config_sportsmeet_score","config_sportsmeet_score.db","791DC680E982E5AC87926548EB746044183328AB8E39EE3DCBCC5E8560D5FF40",13,1,12,0,"desc;id;if_rank;score;score_type;sport_type",""
"cn-1.5.20","config_sp_settings_dict","config_sp_settings_dict.db","C6E7B870261F77DB1B9DED36704A8B9CF81F6C1D8CC60607ED441A3D5FCA600F",4,1,3,0,"id",""
"cn-1.5.20","config_sp_settings_fleet_dict","config_sp_settings_fleet_dict.db","1AA789F1AB7842B429484FC03843FC1F9194894DA813758EC03C022FBB800EAF",4,1,3,0,"id;sp_setting;sp_setting_copy_id;sp_setting_fleet_id",""
"cn-1.5.20","config_stage","config_stage.db","94DBA45A86E01F8975FF5633FF40E5339424B118769C9736E66AA9D2EA85ED41",303,1,302,0,"id;max_safe;safe_area;safe_area_score;safe_condition;safe_effect;safe_effect_desc",""
"cn-1.5.20","config_starbox","config_starbox.db","536E93775DBA19C67F24F0244309DCCE7FE2AC71C69F95C7AFD3EA648EBA73E9",10,1,9,0,"id;open_effect;open_icon;positionx;positiony;recieved_icon;unopen_icon",""
"cn-1.5.20","config_strategy","config_strategy.db","8E98A2BB3D3CC3EBBA8ECC0D6F2E931899F3C8623D0CF6F0F673164E26DF061D",18,1,17,0,"activation_cost;id;lineup;num_add;order;recommend;skillgroup1;skillgroup2;skillgroup3;skillgroup_pos1;skillgroup_pos2;skillgroup_pos3;skillgroup_pos4;skillgroup_pos5;skillgroup_pos6;strategy1_condition;strategy2_condition;strategy3_condition;strategy_ai_id;strategy_ai_priority;strategy_dec1;strategy_dec2;strategy_dec3;strategy_flag;strategy_icon;strategy_limit_p1;strategy_limit_type;strategy_name;talent_type;tip;tip1;tip2;tip3",""
"cn-1.5.20","config_supply_get","config_supply_get.db","41DE83DC34D0EE183EFA0CC85144CCD77EDFCE0EE5595C09FCF9D3CDF1333403",3,1,2,0,"diff_name;id;reward;time",""
"cn-1.5.20","config_support_effect","config_support_effect.db","68B00A716690321DD1E2C7A4E9D83D57D817E70E703323B0B48860E85293E170",13,1,12,0,"effect_name;effect_type;id;parameter1;parameter2;parameter3;support_id",""
"cn-1.5.20","config_support_fleet_item","config_support_fleet_item.db","5893D9330EA7F9F4E82AB2EA33A146C4D8BBEAE925F10205EE6D4F1639B04120",30,1,29,0,"at_least_number;base_award;big_sucess_base_award;big_sucess_extra_drop_id;big_sucess_ratio;complete_item;condition_add;condition_add2;consumption;description;extra_drop_id;get;group;icon;id;name;quality;ship_id_available;ship_num_limit;ship_types_available;ships_available;ships_recommend_type;support_fleet_average_level_min;support_fleet_few_level_min;time;use_count",""
"cn-1.5.20","config_support_fleet_recommend","config_support_fleet_recommend.db","628C1909FA5E79B5ED40BB580DC402D74B357DC50314834269B883371F4A8849",2,1,1,0,"duplicate_removal_rule;id;occupy_include;select_range;sort_rule",""
"cn-1.5.20","config_support_time","config_support_time.db","B8060D1376ECC34AEA02698F3459B442C3975CCFA74A3ADD34961AE5124ADF64",3,1,2,0,"desc;enum_name;id",""
"cn-1.5.20","config_support_type","config_support_type.db","4698C44BE7774BE56BC79AFACBB452D542BBAE3CCCB6E497C22BD2D335EF557F",3,1,2,0,"desc;enum_name;id",""
"cn-1.5.20","config_system_info_text","config_system_info_text.db","EEE530E4EECA4D5CEAEE4CD905FEE33D8D530755BF0F9F65F96CD392C9FED2B5",15,1,14,0,"beizhu;btn_img1;btn_img2;btn_num;btn_txt1;btn_txt2;content;infoId;priority;style;title_chi;title_eng",""
"cn-1.5.20","config_table_index","config_table_index.db","E94999C1E99263C9766E6376D603E2017FE91A5AFE91E90D42B6734159A3E29A",27,1,26,0,"bag_index;file_name;id;name",""
"cn-1.5.20","config_talent","config_talent.db","3F7E668CC20F1A7E051E2793CC83E4DCC338C2A430F9FA54654422EDFAC7F669",1078,1,1077,0,"belongtalent;desc;icon;iconcheck;iconmax;id;levelup;name;nexttalent;positioninfo;precondition;specialtalent;talenteffect;talenticon;type",""
"cn-1.5.20","config_talentcondition","config_talentcondition.db","3AA94210F57717FB07854726346B4B32E2147A29A5E6EEC7420DC48310DDFE24",215,1,214,0,"desc;id;p1;p2;p3;p4;type",""
"cn-1.5.20","config_talenteffect","config_talenteffect.db","7BC3635F8CD4AD93A5705C1935F8E453EE5471991325C87B711C59F716B2F555",131,1,130,0,"id;p1;p2;p3;p4;type",""
"cn-1.5.20","config_talentmain","config_talentmain.db","12203E10A60C53714934BE12A2E99F7DC23C1B4CDFCCA1CF1564090824AB3D89",6,1,5,0,"background;id;name;talentlist",""
"cn-1.5.20","config_task_activity","config_task_activity.db","4B48BB029447C251F70C43BC0DDF8189A130470A23FD393AEA070ABFF7CB7131",2415,1,2414,0,"accumulate;activity_id;auto_send;count_type;desc;desc_language;drop_id;go_up_to;go_up_to_parm;goal;hide;id;label;last_task;last_task_client;last_task_receive;order;period;period_area;period_list;period_list_area;refresh_id;rewards;show_reward_num;show_rewards;title",""
"cn-1.5.20","config_task_daily","config_task_daily.db","FF3368856923B0834C41E7F0E9002FB419F6E39AEA629664788B8BF24D82935F",25,1,24,0,"copy_display_id;count_type;desc;function_id;go_up_to;goal;id;next_task_id;order;player_level_max;player_level_min;reward;reward_limited;reward_limited_period;rewards;title",""
"cn-1.5.20","config_task_grow","config_task_grow.db","2287E0B2E45B4A0D019A2537A550D5278133A048E50DEF633347FE8E7A013C18",243,1,242,0,"abandoned;copy_display_id;count_type;desc;function_id;go_up_to;goal;id;next_task_id;order;player_level_max;player_level_min;rewards;title",""
"cn-1.5.20","config_task_guild","config_task_guild.db","B8CC5EF84D273806891ED9008FD30B1C4CED2BF0A478173667C111E97172FA4A",103,1,102,0,"auto_reject_time;count_type;desc;drop_show_id;extra_reward;extra_reward_desc;extra_reward_ship_condition;extra_reward_ship_num;go_up_to;goal;guild_exp_rewards;guild_finish_num_max;guild_finish_num_min;guild_rewards;id;max_apply_num;max_player_goal_num;order;per_contr_num;player_level_max;player_level_min;player_rewards;title;type;weight",""
"cn-1.5.20","config_task_guildoffer","config_task_guildoffer.db","7652C3B1B92FC1866DD6048A1CEE6AC7BA5A168918DEE6422413FC41C6533E36",35,1,34,0,"applynum;count_type;desc;goal;id;limittime;order;quality;qualitybg;score;type;weight",""
"cn-1.5.20","config_task_magazine","config_task_magazine.db","100C96B843736A73FE5D5349ABCA14C49B2271604D760CE3086D447EDE69F7DB",344,1,343,0,"accumulate;auto_send;count_type;desc;desc_language;drop_id;go_up_to;go_up_to_parm;goal;id;last_task;last_task_client;last_task_list;magazine_id;magazine_page_id;order;period;period_area;period_list;period_list_area;refresh_id;rewards;show_reward_num",""
"cn-1.5.20","config_task_main","config_task_main.db","59D44507F8A922AF3D8F9B15284FE3E3B09BF104D784730DCB4DDB70A2ECF15C",175,1,174,0,"copy_display_id;count_type;desc;function_id;go_up_to;goal;id;next_task_id;order;player_level_max;player_level_min;reward;rewards;title",""
"cn-1.5.20","config_task_return","config_task_return.db","5780223AF0F1E89994AF1D5A546B9DDE6C02F896E99B21A1C4079792E2FE135C",43,1,42,0,"copy_display_id;count_type;desc;function_id;go_up_to;goal;id;next_task_id;order;player_level_max;player_level_min;rewards;title",""
"cn-1.5.20","config_task_reward_modify","config_task_reward_modify.db","FDC9DD220286D8B3782FBFFC2D5B35786508A575EFAA6208B934EDB423A2F18F",41,1,40,0,"id;rewards_modify",""
"cn-1.5.20","config_task_teaching","config_task_teaching.db","B14CF29DEFD6A3B60B9D8C591BB08329CDAB775A5611453F2102C3ECF68BF80B",105,1,104,0,"count_type;desc;go_up_to;goal;id;order;rewards;rewards_for_teacher;title",""
"cn-1.5.20","config_task_teaching_group","config_task_teaching_group.db","716D175DDB380BACD3C4A79646ADA7C66A127EA94E3F185E3F50054FD913D771",9,1,8,0,"desc;id;last_group_id;level;next_group_id;rewards;rewards_for_teacher;task_assess_id;task_daily_id;task_daily_limit;title",""
"cn-1.5.20","config_task_treaty","config_task_treaty.db","E91D127326AD4E650EF266F5077CD49BABBDACAF55191A54D0E28BD379286C55",7,1,6,0,"go_up_to;goal;id;order;rewards;title",""
"cn-1.5.20","config_task_weekly","config_task_weekly.db","9FE89E777919DA20A9D0CCA4B08E0C26B8DDA8F7AA28307A96C0EF36F31B0096",23,1,22,0,"copy_display_id;count_type;desc;function_id;go_up_to;goal;id;next_task_id;order;player_level_max;player_level_min;reward;rewards;title",""
"cn-1.5.20","config_teaching_achievement","config_teaching_achievement.db","7009CFA8C18FC912E6F604BB7CD6D9E00502235EE9E690F8B1D384563C4ECF00",10,1,9,0,"desc;id;level;name;next_id;prestige;rewards",""
"cn-1.5.20","config_teaching_assess","config_teaching_assess.db","B7099DDD395F6452A7E84562947A176EEB5103DD47E6ED498DA8A2B2C0316DF1",7,1,6,0,"id;range;student_reward;teacher_reward;tips;tips_icon",""
"cn-1.5.20","config_teaching_personal_info","config_teaching_personal_info.db","7750DD655599328643C053713405635F4020C776078AF049A276DAA49D8D6EBC",24,1,23,0,"group;icon;id;name;order",""
"cn-1.5.20","config_team","config_team.db","A6F554256CE6DB817BFD1EFB4C7A069D5685742E71A3463683C2617C29B4F88A",3,1,2,0,"chapterid;id;team_type",""
"cn-1.5.20","config_testship_reward","config_testship_reward.db","75029B78AFAF6C1E5E27A75E4291186620D95ABD4E6AE694CFBD31B2944AA682",3,1,2,0,"id;reward;task_point;task_point_total",""
"cn-1.5.20","config_testship_task","config_testship_task.db","3FCA05ED30A5C9F54C19A7A77129827F241BB604DEFF9D0E9FDEAC69E62B3040",42,1,41,0,"go_up_to;go_up_to_parm;id;task_goal;test_name;test_point;test_type;test_type_name",""
"cn-1.5.20","config_tower_activity","config_tower_activity.db","B759703CACEA23E216F8A63BF66C11A45B21AFA052C869070AC28D9C23D35AFC",2,1,1,0,"activity_id;battle_point_cost;battle_point_default;battle_point_min;id;load_copy;page_name;quick_copy_s;quick_pass;reset_buff_times;reset_period",""
"cn-1.5.20","config_tower_prop","config_tower_prop.db","A91958FE908176FCA13624F3DA9CF341556113257014CD4274BF602607961C10",14,1,13,0,"id;language_id;name;order",""
"cn-1.5.20","config_tower_topic","config_tower_topic.db","C9ACD8D4153E8E2463959D1A4830AF3EEC385C1D8917903B5F3F33BFD16F193A",19,1,18,0,"area_final_copy;copy_list;copy_list_name;features_list;id;image;name;tower_map;type",""
"cn-1.5.20","config_treaty_buff","config_treaty_buff.db","15F979D65B4FAD1EF24B1E320369F324DB698E7AAEC8FD69EF58F140FB520968",13,1,12,0,"buff_icon;buff_star;desc;flag_new;id;name;order;treaty_atk;treaty_buff;treaty_hp",""
"cn-1.5.20","config_trigger_shape","config_trigger_shape.db","F13C8584CB972B91F4B17079369F1022C6C22F49DFBF399E9395F26016C4C229",6,1,5,0,"desc;enum_name;id",""
"cn-1.5.20","config_ui_battlepage_config","config_ui_battlepage_config.db","F4012F3F3F28D0512905EA7B1256ABDA744A2A9ABFE20004BAA11D489A3806D1",83,1,82,0,"game_type;id;part_name;part_path;show_time;switch_mode",""
"cn-1.5.20","config_ui_battlepage_config_ios","config_ui_battlepage_config_ios.db","8E6617E842AD4BF90B2CFFD64694E5B748E52378F2281E573BC0CDE018B1436C",82,1,81,0,"game_type;id;part_name;part_path;show_time;switch_mode",""
"cn-1.5.20","config_ui_config","config_ui_config.db","7EF5B0F332E3565A1BA161E5D323642B0171734D397F95FD1342EA87A34EF116",425,1,424,0,"allwaysInMemery;bgm;canShowScene;hide_type;hierarchy;info;lua_class_path;page_type;res_path;subGroup;topName;ui_id",""
"cn-1.5.20","config_value_effect","config_value_effect.db","031F6BF4BA7B4E11127420FD786CD3E07559A5B8BA068E669295ACF71D5E59BC",86,1,85,0,"activity_effect_desc;activity_effect_type;activity_value_show;buff_background;buff_icon;desc;id;time;type_show;value_show;values",""
"cn-1.5.20","config_voice_chat_err","config_voice_chat_err.db","7B20D929AAB2CDCFE2AEF282AE4AA64CC9B03CD6AAD84DEDD15912B0E83C2240",101,1,100,0,"id;notice",""
"cn-1.5.20","config_vow","config_vow.db","4FE8AAA83DF3F06993E7A8327B3D5222CD32734B7CC36B2CFFE08EF1DFA83D65",4,1,3,0,"ban_full_break_add_time;ban_not_full_break_add_time;id;quality;result_that_quality_add_time;result_that_quality_limit_time",""
"cn-1.5.20","config_vow_item","config_vow_item.db","E58CE683B3B8D57A3687CA8B22055DDB603C124AC74EAA3BC4CA82315A9961B5",102,1,101,0,"daily_limit;description;drop_path;icon;id;name;quality;ship_id;time;type;vip_add_time",""
"cn-1.5.20","config_vow_wall_ship","config_vow_wall_ship.db","171881BC7078E9C414136C11C459D7737B5A701A4F9143E71943DFA054F7BCDE",9,1,8,0,"vow_pos_id;vow_pos_x;vow_pos_y;vow_shi_pin;vow_ship_kuang;vow_wall",""
"cn-1.5.20","config_weather","config_weather.db","CFBFE04DC03068C15E4FE8699B24C206E676D47105767A298D4F0C04265EC25F",7,1,6,0,"battle_tip;id;random_count;random_event;scene_param;state_event;ui_battle_pic;weight",""
"cn-1.5.20","config_weather_exchange_light","config_weather_exchange_light.db","56AF85558ECFFFE8DBBB1152F18B74C68592801296FE8EE868BE226964954F6A",4,1,3,0,"light_args_duration_s;light_args_name_s;light_args_start_time_s;light_args_target_value_s;light_type;wel_id",""
"cn-1.5.20","config_weather_group","config_weather_group.db","E53AE96BD5F97694A7E09875A0D22198CA1D86D3E94925D16D353A137660130E",7,1,6,0,"copy_tip;id;scene_res_name;trigger;ui_copy_pic;weather;weather_default;weather_weight",""
"cn-1.5.20","config_worker","config_worker.db","1FE36F2ACAF4C250429AB3539E78F164F6C090D59760BED00D44F88C1B2FF8AB",2,1,1,0,"addworkerhp;addworkerhptime;chargehp;id;workerhplevelup;workerhpmax",""
"cn-1.5.20","config_world_event","config_world_event.db","D67E11BE493CF5A3E03C4E0A8DB91C8C7C0FAA2D766C03FEBFB608CA365CFDA7",3,1,2,0,"battlepass_id;chapter_id;id;item_type;reward_mail_id;server_rank_goal;server_rank_period;server_rank_rewards;server_shop_id;server_stage;server_stage_rewards;shop_id",""
"cn-1.5.20","config_world_event_plot","config_world_event_plot.db","0A89B15D4577B9A2105620389CE13B54C22B21BBA4D9299380DEBC1627506317",23,1,22,0,"desc;image;name;period;period_area;plot_id",""
"cn-1.5.20","config_world_event_task","config_world_event_task.db","A67823F24C540E42E1ECAFCB790D66BF51395032E18DC19F849715E1D8D768AB",487,1,486,0,"desc;go_up_to;go_up_to_parm;goal;id;period;period_area;rewards",""
